temperature,temp_ressentie,temp_min,temp_max,humidite,pression,vent_vitesse,vent_direction,nuages,visibilite,pm10,no2,o3,co,so2,heure,jour_semaine,jour_mois,ville_encoded,meteo_encoded,pm2_5,ville
-0.14408542668951227,-0.15183084068906075,-0.13871797506302072,-0.18215020144062152,0.08184308922791783,-1.764810895280393,0.5460724223545366,0.596750058524607,-1.3843316640264935,0.6882061355176957,-0.9450461485615085,-0.5496550310439762,0.9820528521529417,0.7464374780920237,-0.19940578685586796,0.42770303235455415,0.113894952381912,-1.3099029683689138,-1.3416407864998738,-1.5241409420144398,1.17,Casablanca
-0.17311245594973737,-0.184482634385632,-0.14823519535860707,-0.22933860393196082,0.08184308922791783,-2.1221556037803424,-0.8538732676406113,0.7573989631686918,0.989832229622654,-0.46972799725810915,0.14147025444633501,1.1481967131339559,1.0496808302143685,0.6036712481753835,1.7971372964947174,0.42770303235455415,0.113894952381912,-1.3099029683689138,1.3416407864998738,0.2319344911761105,3.9,Rabat
0.794455186057767,0.749358665336326,0.8034868341999912,0.7144294458948115,-0.9830034579829714,-1.764810895280393,2.2926066084164445,0.5164256062025647,-1.3843316640264935,0.6882061355176957,-0.01492225810782437,0.18136446992152253,0.7940140838845827,0.2865974119651716,-0.33112217082691364,0.42770303235455415,0.113894952381912,-1.3099029683689138,0.4472135954999579,-1.5241409420144398,2.37,Marrakech
1.1492299881271857,1.170566804022104,1.1524515783714777,1.0604777308312952,-0.7950893614163439,-2.8368450207802414,-0.15390042264303752,0.9180478678127766,0.989832229622654,0.6882061355176957,0.5694918677524553,-0.24309846612296065,-0.06453134491963584,-0.5583794604484322,-0.6084198212922727,0.42770303235455415,0.113894952381912,-1.3099029683689138,-0.4472135954999579,0.2319344911761105,4.99,Fes
-0.14408542668951227,-0.15183084068906075,-0.13871797506302072,-0.18215020144062152,0.08184308922791783,-1.764810895280393,0.5460724223545366,0.596750058524607,-1.3843316640264935,0.6882061355176957,-0.9450461485615085,-0.5496550310439762,0.9820528521529417,0.7464374780920237,-0.19940578685586796,0.42770303235455415,0.113894952381912,-1.3099029683689138,-1.3416407864998738,-1.5241409420144398,1.17,Casablanca
-0.17311245594973737,-0.184482634385632,-0.14823519535860707,-0.22933860393196082,0.08184308922791783,-2.1221556037803424,-0.8538732676406113,0.7573989631686918,0.989832229622654,-0.46972799725810915,0.14147025444633501,1.1481967131339559,1.0496808302143685,0.6036712481753835,1.7971372964947174,0.42770303235455415,0.113894952381912,-1.3099029683689138,1.3416407864998738,0.2319344911761105,3.9,Rabat
0.794455186057767,0.749358665336326,0.8034868341999912,0.7144294458948115,-0.9830034579829714,-1.764810895280393,2.2926066084164445,0.5164256062025647,-1.3843316640264935,0.6882061355176957,-0.01492225810782437,0.18136446992152253,0.7940140838845827,0.2865974119651716,-0.33112217082691364,0.42770303235455415,0.113894952381912,-1.3099029683689138,0.4472135954999579,-1.5241409420144398,2.37,Marrakech
1.1492299881271857,1.170566804022104,1.1524515783714777,1.0604777308312952,-0.7950893614163439,-2.8368450207802414,-0.15390042264303752,0.9180478678127766,0.989832229622654,0.6882061355176957,0.5694918677524553,-0.24309846612296065,-0.06453134491963584,-0.5583794604484322,-0.6084198212922727,0.42770303235455415,0.113894952381912,-1.3099029683689138,-0.4472135954999579,0.2319344911761105,4.99,Fes
-0.29889624941071313,-0.3216201679112348,-0.41788977040020925,-0.20417145593657962,0.08184308922791783,-1.4074661867804434,0.5460724223545366,0.6770745108466495,0.989832229622654,0.6882061355176957,-0.7968848208786208,-0.514283119706936,0.8971055138562707,0.9340256639127247,-0.22020311064076992,0.5862223380523959,0.113894952381912,-1.3099029683689138,-1.3416407864998738,0.2319344911761105,1.27,Casablanca
-0.49563500328557214,-0.543652365047924,-0.4654758718781398,-0.5439279538742182,0.08184308922791783,-1.764810895280393,-1.2072576165714253,0.596750058524607,0.989832229622654,-0.46972799725810915,-0.10546529169181135,1.1835686244709964,0.8047355926016379,0.7032755946288549,1.623826264953868,0.5862223380523959,0.113894952381912,-1.3099029683689138,1.3416407864998738,0.2319344911761105,3.15,Rabat
0.14941009138609743,0.057140638969000006,0.1690054811609257,0.08525074601029661,-0.7950893614163439,-1.4074661867804434,1.93922225948563,0.5164256062025647,-1.3843316640264935,0.6882061355176957,-0.03412835614079138,1.0067090677857948,0.2785569340261427,0.4725255253449828,-0.43510878975142325,0.5862223380523959,0.113894952381912,-1.3099029683689138,0.4472135954999579,-1.5241409420144398,2.23,Marrakech
0.5041848934555161,0.5110005713513505,0.5179702253324122,0.43129903094678024,-0.35662313609421303,-2.4795003122802917,-0.15390042264303752,0.6770745108466495,0.989832229622654,0.6882061355176957,0.643572531593899,-0.042657635213065696,-0.2583432332664088,-0.4272337376180291,-0.5598927324608349,0.5862223380523959,0.113894952381912,-1.3099029683689138,-0.4472135954999579,0.2319344911761105,5.29,Fes
-0.48595932686549675,-0.49793985387272316,-0.49085512599970194,-0.49673955138287895,0.33239521798342114,-1.4074661867804434,-0.15390042264303752,0.5164256062025647,1.78122019417237,0.6882061355176957,-0.6048238405489514,-0.5378643939316294,0.8674151820244246,1.1232739221743175,-0.2825950819954758,0.7447416437502377,0.113894952381912,-1.3099029683689138,-1.3416407864998738,-0.9387824642842564,1.38,Casablanca
-0.49563500328557214,-0.49793985387272316,-0.4654758718781398,-0.5439279538742182,0.395033250172297,-1.4074661867804434,-0.8538732676406113,0.19512779691439527,0.989832229622654,-0.46972799725810915,-0.2316767930513081,0.9949184306734483,0.6694796364787832,0.8277810276956923,1.408920585843215,0.7447416437502377,0.113894952381912,-1.3099029683689138,1.3416407864998738,0.2319344911761105,2.6,Rabat
-0.49563500328557214,-0.6089559524410678,-0.4654758718781398,-0.5439279538742182,-0.41926116828308885,-1.0501214782804942,1.5926337634188703,0.6770745108466495,-0.11811092074694818,0.6882061355176957,-0.003947344946128728,1.4783345522796654,-0.06700553923895645,0.6601137111656837,-0.504433202367763,0.7447416437502377,0.113894952381912,-1.3099029683689138,0.4472135954999579,0.817292968906294,2.15,Marrakech
-0.46338274855198824,-0.47181841891546494,-0.4337518042261861,-0.5124690188799921,0.33239521798342114,-1.764810895280393,1.2392494144880561,0.6770745108466495,-0.11811092074694818,0.6882061355176957,0.6874721842406807,0.157783195696829,-0.4282379098597508,-0.2811473628196073,-0.48363587858286106,0.7447416437502377,0.113894952381912,-1.3099029683689138,-0.4472135954999579,0.817292968906294,5.63,Fes
-0.8246080015681235,-0.8734354813833003,-0.8429922769363831,-0.8113289013251364,0.33239521798342114,-1.4074661867804434,-0.8538732676406113,0.27545224923643763,1.78122019417237,0.6882061355176957,-0.38806930560546743,-0.5850269423810164,0.7898904266857142,1.1133134875289725,-0.40737902470488735,0.9032609494480794,0.113894952381912,-1.3099029683689138,-1.3416407864998738,-0.9387824642842564,1.49,Casablanca
-0.8181575506214069,-0.7820104590328996,-0.7827165483976726,-0.8585173038164756,0.9587755398721794,-1.4074661867804434,-0.8538732676406113,0.11480334459235289,0.989832229622654,-0.46972799725810915,-0.2508828910842751,0.7473150513141665,0.47071935949336896,0.6601137111656837,1.1108256115929536,0.9032609494480794,0.113894952381912,-1.3099029683689138,1.3416407864998738,0.2319344911761105,2.26,Rabat
-0.8181575506214069,-0.9681256831033598,-0.7827165483976726,-0.8585173038164756,-0.41926116828308885,-0.6927767697805447,0.5460724223545366,0.43610115388052234,-0.11811092074694818,0.6882061355176957,0.04269603599107666,1.7023566574142535,-0.3812282177926605,0.4542647284951801,-0.539095408675933,0.9032609494480794,0.113894952381912,-1.3099029683689138,0.4472135954999579,0.817292968906294,2.11,Marrakech
-0.785905295887823,-0.7885408177722139,-0.7509924807457189,-0.8270583688222495,0.6455853789278003,-1.764810895280393,1.2392494144880561,0.43610115388052234,-0.11811092074694818,0.6882061355176957,0.6490599881747466,0.2874802039326431,-0.7284401539373063,-0.4504747517905055,-0.4559061135363252,0.9032609494480794,0.113894952381912,-1.3099029683689138,-0.4472135954999579,0.817292968906294,5.82,Fes
-0.5214368070724383,-0.6056907730714101,-0.49085512599970194,-0.49673955138287895,-0.1687090395275855,-1.4074661867804434,-1.553846112638185,-1.812983511136664,1.78122019417237,0.6882061355176957,-0.1740584989524073,-0.6675614021674436,0.7964882782039033,1.1714160229601625,-0.5321629674142989,1.0617802551459212,0.113894952381912,-1.3099029683689138,-1.3416407864998738,-0.9387824642842564,1.59,Casablanca
-0.8181575506214069,-0.7820104590328996,-0.7827165483976726,-0.8585173038164756,0.9587755398721794,-1.4074661867804434,-1.2072576165714253,-0.04584556005173184,0.989832229622654,-0.46972799725810915,-0.0972341068205395,0.46433976061784454,0.4162870844683168,0.7082558119515262,0.7780684310345227,1.0617802551459212,0.113894952381912,-1.3099029683689138,1.3416407864998738,0.2319344911761105,2.15,Rabat
-1.1406800979572418,-1.3632123868318804,-1.0999572249172054,-1.1731066537587331,-0.6698132970385922,-0.6927767697805447,0.19268807342372254,0.27545224923643763,0.989832229622654,0.6882061355176957,0.12226415641336799,1.67877538318956,-0.5206078311143837,0.46090501825874347,-0.6014873800306387,1.0617802551459212,0.113894952381912,-1.3099029683689138,0.4472135954999579,0.2319344911761105,2.11,Marrakech
-1.1084278432236578,-1.1052632166289615,-1.0682331572652517,-1.1416477187645069,0.9587755398721794,-1.4074661867804434,0.5460724223545366,0.35577670155848,-0.7512212923867209,0.6882061355176957,0.6655223579172899,0.27568956682029633,-0.863696110060161,-0.38905207147753396,-0.4489736722746912,1.0617802551459212,0.113894952381912,-1.3099029683689138,-0.4472135954999579,1.4026514466364775,6.07,Fes
-0.6407701495866975,-0.7362979478576986,-1.0745779707956422,-0.5690951018695983,-0.1687090395275855,-1.4074661867804434,-1.2072576165714253,-0.2064944646958166,1.78122019417237,0.6882061355176957,-0.01492225810782437,-0.7854677732909112,0.8022613982823172,1.2295185583913522,-0.6569469101237105,-2.4256444702065973,0.5782359120927837,-0.9574925251021502,-1.3416407864998738,-0.9387824642842564,1.67,Casablanca
-1.1406800979572418,-1.0987328578896471,-1.0999572249172054,-1.1731066537587331,1.2719657008165586,-1.4074661867804434,-0.8538732676406113,-0.28681891701785894,0.989832229622654,-0.46972799725810915,0.15244516760803065,0.051667461685708134,0.4080397700705823,0.7895993615551948,0.39678416164465413,-2.4256444702065973,0.5782359120927837,-0.9574925251021502,1.3416407864998738,0.2319344911761105,2.13,Rabat
-1.4632026452930764,-1.6636088888403424,-1.4171979014367382,-1.4876960037009905,-0.23134707171646135,-0.6927767697805447,-1.2072576165714253,-0.04584556005173184,0.989832229622654,0.6882061355176957,0.15244516760803065,1.24252181003273,-0.542875579988268,0.45260465605428807,-0.6777442339086125,-2.4256444702065973,0.5782359120927837,-0.9574925251021502,0.4472135954999579,0.2319344911761105,2.09,Marrakech
-1.1084278432236578,-1.1901578802400485,-1.0682331572652517,-1.1416477187645069,0.33239521798342114,-1.4074661867804434,0.5460724223545366,0.27545224923643763,-0.11811092074694818,0.6882061355176957,0.7258843803066147,0.07524873591040165,-0.9164789222056653,-0.31268873919653906,-0.43510878975142325,-2.4256444702065973,0.5782359120927837,-0.9574925251021502,-0.4472135954999579,0.817292968906294,6.39,Fes
1.1653561154939778,1.1117935753682746,1.1683136121974547,1.3687752937747075,-1.3588316511162264,-1.0501214782804942,0.8926609184212964,0.35577670155848,0.989832229622654,-1.627662130033914,-1.3566053921250854,-1.1627681608860072,0.9589603718392835,1.1033530528836253,-0.83025794166456,-0.5234128018324964,0.5782359120927837,-0.9574925251021502,-1.3416407864998738,0.2319344911761105,1.0,Casablanca
1.1169777333936017,1.1673016246524475,1.120727510719524,1.029018795837069,-0.5445372326608405,-1.0501214782804942,1.5926337634188703,0.11480334459235289,-0.11811092074694818,-1.627662130033914,-1.1672881400858401,-1.033071152650193,0.7412312717390784,0.6053313206162756,-0.6500144688620766,-0.5234128018324964,0.5782359120927837,-0.9574925251021502,1.3416407864998738,0.817292968906294,1.13,Rabat
1.4395002807294366,1.3730079249408504,1.4379681872390568,1.3436081457793263,-1.6720218120606056,-1.0501214782804942,1.2392494144880561,0.43610115388052234,-0.11811092074694818,0.6882061355176957,-1.0136393558221046,-1.1509775237736606,0.20268164156698018,-0.26952685573337026,-0.9827716494205074,-0.5234128018324964,0.5782359120927837,-0.9574925251021502,0.4472135954999579,0.817292968906294,1.11,Marrakech
0.826707440791351,0.7591542034452979,0.8352109018519449,0.7458883808890376,-1.170917554549599,-1.0501214782804942,0.5460724223545366,0.5164256062025647,-0.11811092074694818,0.6882061355176957,-1.6831090586855235,-1.2217213464477412,0.24061928779656086,-1.240669233654701,-1.0451636207752133,-0.5234128018324964,0.5782359120927837,-0.9574925251021502,-0.4472135954999579,0.817292968906294,0.73,Fes
1.1653561154939778,1.1868927008703902,1.1683136121974547,1.683364643716965,-0.7950893614163439,-1.0501214782804942,0.5460724223545366,0.6770745108466495,0.989832229622654,-1.627662130033914,-1.3401430223825426,-1.1627681608860072,1.0670001904496116,1.2760005867363051,-0.83025794166456,-0.3648934961346546,0.5782359120927837,-0.9574925251021502,-1.3416407864998738,0.2319344911761105,1.02,Casablanca
0.794455186057767,0.8701703020136425,0.8034868341999912,0.7144294458948115,-0.10607100733870968,-1.0501214782804942,1.93922225948563,0.19512779691439527,-0.11811092074694818,-1.627662130033914,-1.2441125322177078,-1.033071152650193,0.8855592736994415,0.7530777678555894,-0.6361495863388086,-0.3648934961346546,0.5782359120927837,-0.9574925251021502,1.3416407864998738,0.817292968906294,1.09,Rabat
1.7620228280652714,1.7158517587548563,1.7552088637585894,1.6581974957215837,-1.7972978764383571,-1.0501214782804942,2.2926066084164445,0.35577670155848,-0.11811092074694818,0.6882061355176957,-1.0685139216305817,-1.1627681608860072,0.30082468290002695,-0.01885591715880344,-0.9758392081588735,-0.3648934961346546,0.5782359120927837,-0.9574925251021502,0.4472135954999579,0.817292968906294,1.12,Marrakech
1.4717525354630205,1.3762731043105083,1.4696922548910105,1.3750670807735526,-1.9225739408161089,-1.4074661867804434,2.2926066084164445,0.43610115388052234,-0.11811092074694818,0.6882061355176957,-1.7023151567184904,-1.2335119835600876,0.23567089915791964,-1.2190882919231167,-1.0590285032984812,-0.3648934961346546,0.5782359120927837,-0.9574925251021502,-0.4472135954999579,0.817292968906294,0.68,Fes
0.5203110208223081,0.5632434412658657,0.533832259158389,1.9979539936592223,-0.10607100733870968,-1.0501214782804942,2.992579453414018,0.596750058524607,0.989832229622654,-2.785596262809719,-1.3785552184484762,-1.1627681608860072,1.022464692701843,1.1299142119378833,-0.8510552654494618,-0.20637419043681282,0.5782359120927837,-0.9574925251021502,-1.3416407864998738,1.988009924366661,1.0,Casablanca
0.794455186057767,0.8701703020136425,0.8034868341999912,0.7144294458948115,-0.10607100733870968,-1.0501214782804942,1.5926337634188703,0.19512779691439527,-0.11811092074694818,-1.627662130033914,-1.2660623585410986,-1.0448617897625396,0.9086517540130998,0.6617737836065758,-0.6777442339086125,-0.20637419043681282,0.5782359120927837,-0.9574925251021502,1.3416407864998738,0.817292968906294,1.05,Rabat
1.4395002807294366,1.4415766917036519,1.4379681872390568,1.3436081457793263,-1.170917554549599,-1.4074661867804434,1.5926337634188703,0.596750058524607,-0.11811092074694818,0.6882061355176957,-1.257831173669827,-1.186349435110701,0.36020534656371916,0.0674678497675365,-0.9897040906821415,-0.20637419043681282,0.5782359120927837,-0.9574925251021502,0.4472135954999579,0.817292968906294,0.98,Marrakech
1.7942750827988554,1.7191169381245128,1.7869329314105433,1.68965643071581,-2.0478500051938604,-1.4074661867804434,1.93922225948563,0.35577670155848,-0.11811092074694818,0.6882061355176957,-1.548666372454755,-1.2335119835600876,0.24061928779656086,-1.3635145942806464,-1.0590285032984812,-0.20637419043681282,0.5782359120927837,-0.9574925251021502,-0.4472135954999579,0.817292968906294,0.77,Fes
-0.48595932686549675,-0.4130451902616355,-0.49085512599970194,-0.49673955138287895,0.9587755398721794,0.02191264721935415,-0.15390042264303752,0.5164256062025647,-1.3210206268625162,0.6882061355176957,0.3198125933238852,-0.6203988537180567,0.3701021238410016,1.9798713016741607,-0.46977099605959316,0.7447416437502377,0.5782359120927837,-0.9574925251021502,-1.3416407864998738,-1.5241409420144398,2.38,Casablanca
-0.8181575506214069,-0.6383425667679825,-0.7827165483976726,-0.8585173038164756,2.023622087083069,0.02191264721935415,-0.5072847715738515,0.03447889227031053,-0.11811092074694818,-1.627662130033914,0.0564146774431956,0.08703937302274842,0.36680319808190703,1.6727579001092936,0.36905439659811823,0.7447416437502377,0.5782359120927837,-0.9574925251021502,1.3416407864998738,0.817292968906294,2.19,Rabat
-0.17311245594973737,-0.2497862217787757,-0.14823519535860707,-0.22933860393196082,-0.41926116828308885,0.3792573557193036,0.8926609184212964,0.43610115388052234,-0.11811092074694818,0.6882061355176957,-0.5828740142255606,0.48792103484253807,-0.4117432810642805,1.0502307347751068,-0.8441228241878279,0.7447416437502377,0.5782359120927837,-0.9574925251021502,0.4472135954999579,0.817292968906294,1.55,Marrakech
-0.785905295887823,-0.7885408177722139,-0.7509924807457189,-0.8270583688222495,0.6455853789278003,0.3792573557193036,-0.5072847715738515,0.6770745108466495,0.989832229622654,0.6882061355176957,-1.2249064341847409,-0.24309846612296065,-1.3692564826413185,-0.9916583675210262,-1.0105014144670434,0.7447416437502377,0.5782359120927837,-0.9574925251021502,-0.4472135954999579,0.2319344911761105,1.15,Fes
-0.48595932686549675,-0.45549252206717994,-0.7573372942761094,-0.49673955138287895,0.6455853789278003,0.3792573557193036,-0.15390042264303752,0.43610115388052234,-1.1943985525345617,0.6882061355176957,0.503642388782283,-0.5732363052686696,0.13010527486691104,1.8171842024668259,-0.525230526152665,0.9032609494480794,0.5782359120927837,-0.9574925251021502,-1.3416407864998738,-1.5241409420144398,2.51,Casablanca
-0.8181575506214069,-0.6383425667679825,-0.7827165483976726,-0.8585173038164756,2.023622087083069,0.3792573557193036,-0.8538732676406113,-0.04584556005173184,-0.11811092074694818,-1.627662130033914,0.25945057093456037,0.1931551070338693,0.07567299984186006,1.5748136260967167,0.36212195533648406,0.9032609494480794,0.5782359120927837,-0.9574925251021502,1.3416407864998738,0.817292968906294,2.4,Rabat
-0.8181575506214069,-0.902822095710215,-0.7827165483976726,-0.8585173038164756,0.08184308922791783,0.3792573557193036,0.19268807342372254,0.43610115388052234,-0.11811092074694818,0.6882061355176957,-0.3716069358629245,0.8416401482129406,-0.8406036297465028,1.007068851311938,-0.837190382926194,0.9032609494480794,0.5782359120927837,-0.9574925251021502,0.4472135954999579,0.817292968906294,1.72,Marrakech
-1.1084278432236578,-1.1052632166289615,-1.0682331572652517,-1.1416477187645069,0.9587755398721794,0.736602064219253,-0.5072847715738515,0.6770745108466495,-0.11811092074694818,0.6882061355176957,-1.2413688039272839,-0.05444827232541246,-1.7172931502257371,-1.0597213375975634,-1.0174338557286775,0.9032609494480794,0.5782359120927837,-0.9574925251021502,-0.4472135954999579,0.817292968906294,1.15,Fes
-0.48595932686549675,-0.45549252206717994,-1.0745779707956422,-0.49673955138287895,0.6455853789278003,0.3792573557193036,-0.5072847715738515,0.27545224923643763,-1.0677764782066073,0.6882061355176957,0.7697840329533963,-0.5260737568192827,-0.06700553923895645,1.9300691284474238,-0.6153522625539066,1.0617802551459212,0.5782359120927837,-0.9574925251021502,-1.3416407864998738,-1.5241409420144398,2.72,Casablanca
-0.8181575506214069,-0.6383425667679825,-0.7827165483976726,-0.8585173038164756,2.023622087083069,0.3792573557193036,-0.8538732676406113,-0.04584556005173184,-0.11811092074694818,-1.627662130033914,0.5008986604918592,0.24031765548325631,-0.12308727714355411,1.6661176103457302,0.25813533641197445,1.0617802551459212,0.5782359120927837,-0.9574925251021502,1.3416407864998738,0.817292968906294,2.62,Rabat
-1.1406800979572418,-1.261991826372507,-1.0999572249172054,-1.1731066537587331,0.08184308922791783,0.736602064219253,-0.5072847715738515,0.35577670155848,-0.11811092074694818,0.6882061355176957,-0.18503341211410268,1.0892435275722223,-1.2785360242662336,1.046910589893325,-0.8718525892343639,1.0617802551459212,0.5782359120927837,-0.9574925251021502,0.4472135954999579,0.817292968906294,1.87,Marrakech
-1.1084278432236578,-1.0628158848234182,-1.0682331572652517,-1.1416477187645069,1.2719657008165586,0.736602064219253,-0.8538732676406113,0.596750058524607,0.989832229622654,0.6882061355176957,-1.2907559131549133,0.0634580987980549,-1.9457437590429973,-1.011579236811721,-1.0312987382519454,1.0617802551459212,0.5782359120927837,-0.9574925251021502,-0.4472135954999579,0.2319344911761105,1.13,Fes
-0.8246080015681235,-0.7460934859666695,-1.3918186473151755,-0.8113289013251364,1.2719657008165586,0.3792573557193036,-0.8538732676406113,0.27545224923643763,-0.656254736640755,0.6882061355176957,1.1100063409659535,-0.5378643939316294,-0.22782816999478878,2.089436082772977,-0.7124064402167825,-2.584163775904439,1.0425768718036554,-0.6050820818353866,-1.3416407864998738,1.4026514466364775,2.97,Casablanca
-0.8181575506214069,-0.6383425667679825,-0.7827165483976726,-0.8585173038164756,2.023622087083069,0.3792573557193036,-0.5072847715738515,-0.1261700123737742,-0.11811092074694818,-1.627662130033914,0.7697840329533963,0.13420192147213547,-0.2880335650982549,1.7275402906587018,0.11255406991766097,-2.584163775904439,1.0425768718036554,-0.6050820818353866,1.3416407864998738,0.817292968906294,2.84,Rabat
-1.1406800979572418,-1.261991826372507,-1.0999572249172054,-1.1731066537587331,0.08184308922791783,0.3792573557193036,-1.2072576165714253,0.19512779691439527,-0.7512212923867209,0.6882061355176957,-0.04510326930248654,1.0420809791228354,-1.5960576285790322,1.0568710245386723,-0.9065147955425337,-2.584163775904439,1.0425768718036554,-0.6050820818353866,0.4472135954999579,1.4026514466364775,1.97,Marrakech
-1.1084278432236578,-1.0628158848234182,-1.0682331572652517,-1.1416477187645069,1.2719657008165586,0.3792573557193036,-0.5072847715738515,0.596750058524607,0.989832229622654,0.6882061355176957,-1.370324033577205,0.0634580987980549,-2.124710481473848,-0.9385360494125077,-1.0382311795135792,-2.584163775904439,1.0425768718036554,-0.6050820818353866,-0.4472135954999579,0.2319344911761105,1.07,Fes
0.5203110208223081,0.5305916475692932,0.533832259158389,1.683364643716965,-0.35662313609421303,0.02191264721935415,0.8926609184212964,0.6770745108466495,0.989832229622654,-0.46972799725810915,-0.38806930560546743,-1.127396249548967,0.14824936654192805,0.3264391505465587,-0.49056831984449506,-0.3648934961346546,1.0425768718036554,-0.6050820818353866,-1.3416407864998738,0.2319344911761105,1.67,Casablanca
0.4719326387219322,0.47508359828512153,0.4862461576804585,0.39984009595255404,-0.35662313609421303,0.02191264721935415,0.19268807342372254,0.19512779691439527,0.989832229622654,-1.627662130033914,0.753321663210853,-0.9741179670884591,0.30082468290002695,0.2882574844060636,-0.053824520361554475,-0.3648934961346546,1.0425768718036554,-0.6050820818353866,1.3416407864998738,0.2319344911761105,2.75,Rabat
1.1169777333936017,1.108528395998618,1.120727510719524,1.029018795837069,-0.9830034579829714,-0.3354320612805953,-0.5072847715738515,-1.812983511136664,-1.3843316640264935,0.6882061355176957,-0.41825031680012986,-1.0920243382119268,2.2142016231745565,0.6119716103798389,-0.8649201479727298,-0.3648934961346546,1.0425768718036554,-0.6050820818353866,0.4472135954999579,-1.5241409420144398,1.92,Marrakech
1.1492299881271857,1.144445369064847,1.1524515783714777,1.0604777308312952,-0.9830034579829714,-0.3354320612805953,0.19268807342372254,0.6770745108466495,0.989832229622654,0.6882061355176957,-0.8407844735254023,-1.2099307093353942,0.33051501473187306,-0.2645466384106966,-0.9758392081588735,-0.3648934961346546,1.0425768718036554,-0.6050820818353866,-0.4472135954999579,0.2319344911761105,1.64,Fes
0.19456324801311448,0.20080853123391706,0.21341917587366047,0.4470284984438933,-0.10607100733870968,0.02191264721935415,1.0897406514788657,0.7573989631686918,0.989832229622654,-0.46972799725810915,-0.8133471906211638,-1.127396249548967,0.1367031263851001,-0.0005951203090007155,-0.4489736722746912,-0.20637419043681282,1.0425768718036554,-0.6050820818353866,-1.3416407864998738,0.2319344911761105,1.35,Casablanca
0.794455186057767,0.8342533289474136,0.8034868341999912,0.7144294458948115,-0.35662313609421303,0.02191264721935415,0.5460724223545366,0.5164256062025647,0.989832229622654,-1.627662130033914,-0.04784699759291032,-0.9505366928637657,0.31154619161708214,-0.023836134481477124,0.008567450993151218,-0.20637419043681282,1.0425768718036554,-0.6050820818353866,1.3416407864998738,0.2319344911761105,2.14,Rabat
1.7620228280652714,1.7844205255176577,1.7552088637585894,1.6581974957215837,-1.2961936189273504,-0.3354320612805953,-0.5072847715738515,-1.812983511136664,-1.3843316640264935,0.6882061355176957,-0.3304510115065667,-1.0920243382119268,2.445126426311137,0.5804302340029072,-0.7470686465249522,-0.20637419043681282,1.0425768718036554,-0.6050820818353866,0.4472135954999579,-1.5241409420144398,2.18,Marrakech
1.1492299881271857,1.144445369064847,1.1524515783714777,1.0604777308312952,-0.9830034579829714,-0.3354320612805953,0.19268807342372254,-1.812983511136664,0.989832229622654,0.6882061355176957,-0.7145729721659054,-1.2099307093353942,0.19443432716924444,-0.4388542447042685,-0.9897040906821415,-0.20637419043681282,1.0425768718036554,-0.6050820818353866,-0.4472135954999579,0.2319344911761105,1.8,Fes
0.446130834935066,0.48161395702443577,0.3910739547245984,1.0541859438324501,-0.10607100733870968,0.02191264721935415,0.8926609184212964,0.7573989631686918,0.989832229622654,-0.46972799725810915,-0.920352593947694,-1.1038149753242734,0.0880439714384631,-0.1583020021936619,-0.40044658344325335,-0.047854884738971086,1.0425768718036554,-0.6050820818353866,-1.3416407864998738,0.2319344911761105,1.26,Casablanca
0.4719326387219322,0.5110005713513505,0.4862461576804585,0.39984009595255404,-0.10607100733870968,0.02191264721935415,0.19268807342372254,0.35577670155848,0.989832229622654,-1.627662130033914,-0.3770943924437721,-0.9033741444143787,0.3230924317739113,-0.2280250447110911,0.09175674613275903,-0.047854884738971086,1.0425768718036554,-0.6050820818353866,1.3416407864998738,0.2319344911761105,1.92,Rabat
2.084545375401106,2.231750099160693,2.0724495402781224,1.972786845663841,-1.6093837798717296,-1.0501214782804942,0.19268807342372254,0.7573989631686918,-1.3843316640264935,0.6882061355176957,0.08659568863785826,-1.08023370109958,2.271108092518928,0.36462081668705615,-0.6777442339086125,-0.047854884738971086,1.0425768718036554,-0.6050820818353866,0.4472135954999579,-1.5241409420144398,2.58,Marrakech
1.1492299881271857,1.170566804022104,1.1524515783714777,1.0604777308312952,-0.7950893614163439,-0.6927767697805447,-0.15390042264303752,0.7573989631686918,0.989832229622654,0.6882061355176957,-0.6706733195191238,-1.1981400722230475,0.058353639606617,-0.6530035895792274,-0.9966365319437754,-0.047854884738971086,1.0425768718036554,-0.6050820818353866,-0.4472135954999579,0.2319344911761105,1.85,Fes
0.19456324801311448,0.2334603249304895,0.21341917587366047,0.1324391485016359,0.14448112141679367,0.02191264721935415,0.8926609184212964,0.8377234154907341,0.989832229622654,-0.46972799725810915,-0.920352593947694,-1.0448617897625396,0.05505471384752247,-0.15000163998920418,-0.2895275232571098,0.11066442095887066,1.0425768718036554,-0.6050820818353866,-1.3416407864998738,0.2319344911761105,1.26,Casablanca
0.4719326387219322,0.5436523650479229,0.4862461576804585,0.39984009595255404,0.14448112141679367,0.02191264721935415,0.5460724223545366,0.5164256062025647,-0.11811092074694818,-1.627662130033914,-0.6157987537106469,-0.7265145877291773,0.3701021238410016,-0.18818330612970163,0.2650677776736083,0.11066442095887066,1.0425768718036554,-0.6050820818353866,1.3416407864998738,0.817292968906294,1.76,Rabat
1.7620228280652714,1.7582990905603997,1.7552088637585894,1.6581974957215837,-1.4841077154939781,-1.0501214782804942,-0.15390042264303752,0.7573989631686918,-1.3843316640264935,0.6882061355176957,0.7588091197917006,-0.9976992413131527,1.9370918594106592,0.39450212062309586,-0.5598927324608349,0.11066442095887066,1.0425768718036554,-0.6050820818353866,0.4472135954999579,-1.5241409420144398,3.2,Marrakech
1.4717525354630205,1.4774936647698809,1.4696922548910105,1.3750670807735526,-1.170917554549599,-1.0501214782804942,0.8926609184212964,0.8377234154907341,0.989832229622654,0.6882061355176957,-0.3085011851831759,-1.1156056124366203,-0.1824679408072463,-0.7791690950869569,-0.9966365319437754,0.11066442095887066,1.0425768718036554,-0.6050820818353866,-0.4472135954999579,0.2319344911761105,2.15,Fes
0.19778847348647333,0.23999068366980375,0.21341917587366047,0.4250072439479352,0.14448112141679367,0.02191264721935415,0.5460724223545366,0.8377234154907341,0.989832229622654,-0.46972799725810915,-0.8572468432679453,-0.938746055751419,-0.016696921412772757,-0.10517968408514337,-0.16474358054769822,0.2691837266567124,1.0425768718036554,-0.6050820818353866,-1.3416407864998738,0.2319344911761105,1.29,Casablanca
0.14941009138609743,0.2628469392574042,0.1690054811609257,0.08525074601029661,0.7082234111166762,0.02191264721935415,-0.5072847715738515,0.596750058524607,-0.11811092074694818,-1.627662130033914,-0.7667038096839583,-0.4317486599205086,0.2604128423511257,-0.18154301636613832,0.4799734567842616,0.2691837266567124,1.0425768718036554,-0.6050820818353866,1.3416407864998738,0.817292968906294,1.65,Rabat
2.084545375401106,2.231750099160693,2.0724495402781224,1.972786845663841,-1.6093837798717296,-1.0501214782804942,-0.15390042264303752,0.7573989631686918,-1.3843316640264935,0.6882061355176957,1.469434747011477,-0.8797928701896853,1.4034906178772022,0.5339482056579543,-0.43510878975142325,0.2691837266567124,1.0425768718036554,-0.6050820818353866,0.4472135954999579,-1.5241409420144398,3.84,Marrakech
0.826707440791351,0.785275638402555,0.8352109018519449,0.7458883808890376,-0.9830034579829714,-0.6927767697805447,0.5460724223545366,0.9180478678127766,0.989832229622654,0.6882061355176957,-0.43196895825224907,-0.9623273299761124,-0.3812282177926605,-0.9152950352400313,-0.9827716494205074,0.2691837266567124,1.0425768718036554,-0.6050820818353866,-0.4472135954999579,0.2319344911761105,2.14,Fes
-0.14408542668951227,-0.07346653581728738,-0.13871797506302072,0.1104178940056778,0.6455853789278003,0.3792573557193036,0.19268807342372254,0.8377234154907341,-0.11811092074694818,-0.46972799725810915,-0.8215783754924354,-0.5968175794933631,-0.3045281938937252,0.042566763154170434,-0.012229872791750578,0.42770303235455415,1.0425768718036554,-0.6050820818353866,-1.3416407864998738,0.817292968906294,1.22,Casablanca
-0.49563500328557214,-0.38039339656506427,-0.4654758718781398,-0.5439279538742182,1.2719657008165586,0.3792573557193036,-0.15390042264303752,0.43610115388052234,-0.11811092074694818,-1.627662130033914,-0.91760886565727,0.440758486393151,-0.26329162190505,-0.11181997384870908,0.6602169295867452,0.42770303235455415,1.0425768718036554,-0.6050820818353866,1.3416407864998738,0.817292968906294,1.48,Rabat
1.4395002807294366,1.4252507948553657,1.4379681872390568,1.3436081457793263,-1.2961936189273504,-0.6927767697805447,0.19268807342372254,0.7573989631686918,-1.3843316640264935,0.6882061355176957,1.702651651697504,-0.38458611147112165,0.42700859318537315,0.39450212062309586,-0.42817634848978925,0.42770303235455415,1.0425768718036554,-0.6050820818353866,0.4472135954999579,-1.5241409420144398,3.86,Marrakech
0.18166234611968135,0.14530048194974418,0.2007295488128794,0.11670968100452281,-0.41926116828308885,0.02191264721935415,-0.8538732676406113,0.6770745108466495,0.989832229622654,0.6882061355176957,-0.36886320757250046,-0.3492142001340814,-1.0170961578580326,-1.2373490887729195,-0.8857174717576318,0.42770303235455415,1.0425768718036554,-0.6050820818353866,-0.4472135954999579,0.2319344911761105,2.37,Fes
-0.14408542668951227,-0.07346653581728738,-0.13871797506302072,-0.18215020144062152,0.6455853789278003,0.3792573557193036,0.5460724223545366,0.7573989631686918,0.989832229622654,-0.46972799725810915,-0.7337790701988721,-0.39637674858346844,-0.47854652768593453,0.24675567338378443,0.09175674613275903,0.5862223380523959,1.0425768718036554,-0.6050820818353866,-1.3416407864998738,0.2319344911761105,1.24,Casablanca
-0.49563500328557214,-0.32815052665054906,-0.4654758718781398,-0.5439279538742182,1.6477938939498136,0.3792573557193036,-1.2072576165714253,0.43610115388052234,-0.11811092074694818,-1.627662130033914,-0.9093776807859986,0.912383970887021,-0.5560712830246437,0.17205241354368153,0.6324871645402093,0.5862223380523959,1.0425768718036554,-0.6050820818353866,1.3416407864998738,0.817292968906294,1.48,Rabat
0.4719326387219322,0.4424318045885491,0.4862461576804585,0.39984009595255404,-0.6071752648497164,0.02191264721935415,1.5926337634188703,0.6770745108466495,-1.3843316640264935,0.6882061355176957,1.8178882398953056,-0.019076360988372437,-0.018346384292319436,0.5040669017219146,-0.43510878975142325,0.5862223380523959,1.0425768718036554,-0.6050820818353866,0.4472135954999579,-1.5241409420144398,3.92,Marrakech
-0.14086020121615342,-0.18121745501597547,-0.11651112770665335,-0.19787966893773462,-0.1687090395275855,0.3792573557193036,-0.15390042264303752,0.8377234154907341,0.989832229622654,0.6882061355176957,-0.39904421876716284,0.07524873591040165,-1.512759753161908,-1.2058077123959852,-0.8441228241878279,0.5862223380523959,1.0425768718036554,-0.6050820818353866,-0.4472135954999579,0.2319344911761105,2.49,Fes
-0.48595932686549675,-0.4130451902616355,-0.49085512599970194,-0.49673955138287895,0.9587755398721794,0.3792573557193036,-1.2072576165714253,0.9983723201348189,1.78122019417237,0.6882061355176957,-0.6267736668723422,-0.2548891032353074,-0.6171014095678826,0.4974266119583489,0.21654068884217056,0.7447416437502377,1.0425768718036554,-0.6050820818353866,-1.3416407864998738,-0.9387824642842564,1.3,Casablanca
-0.8181575506214069,-0.68732025731284,-0.7827165483976726,-0.8585173038164756,1.6477938939498136,0.3792573557193036,-1.2072576165714253,0.43610115388052234,-0.11811092074694818,-1.627662130033914,-0.8874278544626077,1.195359261583343,-0.766377800166887,0.4758456702267645,0.6255547232785751,0.7447416437502377,1.0425768718036554,-0.6050820818353866,1.3416407864998738,0.817292968906294,1.52,Rabat
-0.17311245594973737,-0.2497862217787757,-0.14823519535860707,-0.22933860393196082,-0.41926116828308885,0.3792573557193036,1.2392494144880561,0.43610115388052234,-1.3843316640264935,0.6882061355176957,1.9084312734792925,0.18136446992152253,-0.2987550738153101,0.5986910308527099,-0.47670343732122716,0.7447416437502377,1.0425768718036554,-0.6050820818353866,0.4472135954999579,-1.5241409420144398,3.94,Marrakech
-0.785905295887823,-0.866905122643986,-0.7509924807457189,-0.8270583688222495,0.08184308922791783,0.3792573557193036,-0.8538732676406113,0.8377234154907341,0.989832229622654,0.6882061355176957,-0.43196895825224907,0.39359593794376396,-1.8855383639395324,-1.1626458289328165,-0.83025794166456,0.7447416437502377,1.0425768718036554,-0.6050820818353866,-0.4472135954999579,0.2319344911761105,2.6,Fes
-0.48595932686549675,-0.4130451902616355,-0.49085512599970194,-0.49673955138287895,0.9587755398721794,0.3792573557193036,-1.9072304615689994,-1.812983511136664,1.78122019417237,0.6882061355176957,-0.5142808069649644,0.11062064724744194,-1.196887611728656,0.5057269741628042,-0.10928405045462634,1.0617802551459212,1.0425768718036554,-0.6050820818353866,-1.3416407864998738,-0.9387824642842564,1.42,Casablanca
-1.7857251926289113,-1.7158517587548576,-1.734438577956271,-1.802285353643248,2.023622087083069,0.3792573557193036,-2.253818957635759,-1.812983511136664,1.78122019417237,-1.627662130033914,-0.8517593866870977,1.3840094553808913,-1.0236940093762206,0.5040669017219146,0.6255547232785751,1.0617802551459212,1.0425768718036554,-0.6050820818353866,1.3416407864998738,-0.9387824642842564,1.61,Rabat
-0.8181575506214069,-0.902822095710215,-0.7827165483976726,-0.8585173038164756,0.08184308922791783,0.736602064219253,-0.15390042264303752,0.43610115388052234,-1.3843316640264935,0.6882061355176957,1.9303810998026834,0.5704554946289652,-0.7861713547214518,0.48248595999032784,-0.5598927324608349,1.0617802551459212,1.0425768718036554,-0.6050820818353866,0.4472135954999579,-1.5241409420144398,4.0,Marrakech
-1.1084278432236578,-1.1477105484345054,-1.0682331572652517,-1.1416477187645069,0.6455853789278003,0.736602064219253,0.5460724223545366,0.596750058524607,0.989832229622654,0.6882061355176957,-0.4895872523511498,0.6647805915277393,-2.3597589418092975,-1.3103922761721303,-0.8787850304959978,1.0617802551459212,1.0425768718036554,-0.6050820818353866,-0.4472135954999579,0.2319344911761105,2.64,Fes
-0.5214368070724383,-0.4522273426975222,-0.49085512599970194,-0.49673955138287895,0.9587755398721794,0.3792573557193036,-1.2072576165714253,0.8377234154907341,1.78122019417237,0.6882061355176957,-0.30027000031190426,0.5468742204042719,-1.8814147067406652,0.7165561741559839,-0.539095408675933,-2.584163775904439,-1.7434688864615748,-0.25267163856862285,-1.3416407864998738,-0.9387824642842564,1.6,Casablanca
-2.108247739964746,-2.022778619502634,-2.0516792544758036,-2.116874703585505,2.399450280216324,0.3792573557193036,-2.253818957635759,-1.812983511136664,1.78122019417237,-1.627662130033914,-0.7392665267797199,1.4901251893920118,-1.2001865374877505,0.7049356670697445,0.6116898407553072,-2.584163775904439,-1.7434688864615748,-0.25267163856862285,1.3416407864998738,-0.9387824642842564,1.81,Rabat
-0.8181575506214069,-0.866905122643986,-0.7827165483976726,-0.8585173038164756,0.33239521798342114,0.3792573557193036,-0.15390042264303752,0.6770745108466495,-1.3843316640264935,0.6882061355176957,1.9962305787728558,1.018499704898142,-1.1762693257343184,0.5555291473895411,-0.6361495863388086,-2.584163775904439,-1.7434688864615748,-0.25267163856862285,0.4472135954999579,-1.5241409420144398,4.14,Marrakech
-1.7534729378953273,-1.728912476233486,-1.702714510304317,-1.7708264186490217,1.6477938939498136,0.3792573557193036,-0.15390042264303752,0.27545224923643763,0.989832229622654,0.6882061355176957,-0.522511991836236,0.8180588739882472,-2.810887039365404,-1.2987717690858909,-0.9481094431123376,-2.584163775904439,-1.7434688864615748,-0.25267163856862285,-0.4472135954999579,0.2319344911761105,2.69,Fes
0.19456324801311448,0.16815673753734464,0.21341917587366047,0.1324391485016359,-0.35662313609421303,0.02191264721935415,0.8926609184212964,1.0786967724568612,-1.3843316640264935,0.6882061355176957,0.6463162598843228,-0.9623273299761124,0.5465946519525315,-0.4454945344678318,1.1593527004243913,-0.047854884738971086,-1.7434688864615748,-0.25267163856862285,-1.3416407864998738,-1.5241409420144398,4.1,Casablanca
0.4719326387219322,0.5110005713513505,0.4862461576804585,0.39984009595255404,-0.10607100733870968,0.02191264721935415,0.8926609184212964,0.6770745108466495,-0.7512212923867209,-2.2066291964218165,0.98653856789688,-0.7383052248415242,1.0546292188530098,-0.5118974321034794,1.5545018523375285,-0.047854884738971086,-1.7434688864615748,-0.25267163856862285,1.3416407864998738,1.4026514466364775,5.87,Rabat
2.407067922736941,2.4472519375580677,2.3896902167976553,2.2873761956060985,-1.6093837798717296,-1.0501214782804942,-0.15390042264303752,-1.812983511136664,-0.7512212923867209,0.6882061355176957,0.03720857941022908,-1.08023370109958,1.161019574583791,-1.2340289438911354,-0.7540010877865861,-0.047854884738971086,-1.7434688864615748,-0.25267163856862285,0.4472135954999579,1.4026514466364775,2.71,Marrakech
2.1167976301346902,2.2644018928572653,2.104173607930076,2.004245780658067,-1.6093837798717296,-0.6927767697805447,0.19268807342372254,-1.7326590588146216,-0.7512212923867209,0.6882061355176957,-0.40727540363843445,-1.1509775237736606,-0.28390990789938764,-2.2084914666942503,-0.8857174717576318,-0.047854884738971086,-1.7434688864615748,-0.25267163856862285,-0.4472135954999579,1.4026514466364775,3.16,Fes
0.19778847348647333,0.13550494384077336,0.21341917587366047,0.4250072439479352,-0.6071752648497164,0.3792573557193036,-0.5072847715738515,-1.572010154170537,-1.3843316640264935,0.6882061355176957,-0.7859099077169254,-0.5850269423810164,0.5408215318741163,0.2948977741696269,1.1454878179011234,0.42770303235455415,-1.7434688864615748,-0.25267163856862285,-1.3416407864998738,-1.5241409420144398,1.93,Casablanca
-0.17311245594973737,-0.184482634385632,-0.14823519535860707,-0.22933860393196082,0.08184308922791783,0.3792573557193036,-0.15390042264303752,0.596750058524607,-1.2893651082805277,-1.627662130033914,0.07287704718573883,0.13420192147213547,1.2426679871213686,0.3845416859777509,2.1298944770531487,0.42770303235455415,-1.7434688864615748,-0.25267163856862285,1.3416407864998738,-1.5241409420144398,4.6,Rabat
2.084545375401106,2.231750099160693,2.0724495402781224,1.972786845663841,-1.4841077154939781,-0.6927767697805447,1.93922225948563,0.6770745108466495,-0.7512212923867209,0.6882061355176957,1.7163702931496234,-0.7854677732909112,0.45587419357744535,-0.057037583299300906,-0.5668251737224688,0.42770303235455415,-1.7434688864615748,-0.25267163856862285,0.4472135954999579,1.4026514466364775,3.99,Marrakech
1.4717525354630205,1.5036150997271378,1.4696922548910105,1.3750670807735526,-0.9830034579829714,-1.0501214782804942,0.19268807342372254,-1.572010154170537,-1.3843316640264935,0.6882061355176957,-0.42099404509055366,-0.6675614021674436,-0.5527723572655503,-1.9777413974103781,-0.8787850304959978,0.42770303235455415,-1.7434688864615748,-0.25267163856862285,-0.4472135954999579,-1.5241409420144398,3.35,Fes
-0.14408542668951227,-0.184482634385632,-0.13871797506302072,0.1104178940056778,-0.1687090395275855,0.736602064219253,-1.2072576165714253,-1.812983511136664,-1.3843316640264935,0.6882061355176957,-0.7639600813935346,-0.1605640063365333,0.24474294499542815,0.4194032072364643,1.1662851416860256,0.5862223380523959,-1.7434688864615748,-0.25267163856862285,-1.3416407864998738,-1.5241409420144398,1.72,Casablanca
-0.49563500328557214,-0.49793985387272316,-0.4654758718781398,-0.5439279538742182,0.395033250172297,0.3792573557193036,-0.8538732676406113,0.7573989631686918,-0.9411544038786527,-1.627662130033914,-0.12741511801520192,1.018499704898142,0.846796896030087,0.5903906686482545,2.0882998294833444,0.5862223380523959,-1.7434688864615748,-0.25267163856862285,1.3416407864998738,1.4026514466364775,4.17,Rabat
1.1169777333936017,1.0824069610413598,1.120727510719524,1.029018795837069,-1.170917554549599,0.3792573557193036,1.2392494144880561,0.6770745108466495,-0.7512212923867209,0.6882061355176957,1.4474849206880862,-0.4907018454822424,0.36927739240122764,-0.22968511715198078,-0.504433202367763,0.5862223380523959,-1.7434688864615748,-0.25267163856862285,0.4472135954999579,1.4026514466364775,3.53,Marrakech
0.5041848934555161,0.5110005713513505,0.5179702253324122,0.43129903094678024,-0.35662313609421303,-0.3354320612805953,-0.5072847715738515,-1.572010154170537,-1.3843316640264935,0.6882061355176957,-0.31124491347359967,-0.20772655478592036,-0.8711186930181228,-1.9611406730014673,-0.8094606178796581,0.5862223380523959,-1.7434688864615748,-0.25267163856862285,-0.4472135954999579,-1.5241409420144398,3.75,Fes
-0.48595932686549675,-0.5305916475692956,-0.49085512599970194,-0.49673955138287895,0.08184308922791783,1.0939467727192025,-1.2072576165714253,-1.7326590588146216,-1.3210206268625162,0.6882061355176957,-0.6048238405489514,0.2874802039326431,-0.06865500211850313,0.7713385647053921,1.1524202591627575,0.7447416437502377,-1.7434688864615748,-0.25267163856862285,-1.3416407864998738,-1.5241409420144398,1.67,Casablanca
-0.8181575506214069,-0.8244577908384427,-0.7827165483976726,-0.8585173038164756,0.6455853789278003,0.736602064219253,-1.2072576165714253,0.596750058524607,-0.24473299507490273,-1.627662130033914,-0.21795815159918888,1.9145881254364947,0.4352559075831077,1.0386102276888696,1.9773807692972012,0.7447416437502377,-1.7434688864615748,-0.25267163856862285,1.3416407864998738,0.817292968906294,3.81,Rabat
0.4719326387219322,0.39018893467403387,0.4862461576804585,0.39984009595255404,-0.9830034579829714,0.736602064219253,1.2392494144880561,0.596750058524607,-0.7512212923867209,0.6882061355176957,1.3020673212956226,-0.17235464344888007,0.3395870605693816,-0.11514011873049075,-0.40737902470488735,0.7447416437502377,-1.7434688864615748,-0.25267163856862285,0.4472135954999579,1.4026514466364775,3.22,Marrakech
-0.46338274855198824,-0.47181841891546494,-0.4337518042261861,-0.5124690188799921,0.33239521798342114,0.3792573557193036,1.93922225948563,0.7573989631686918,-1.3843316640264935,0.6882061355176957,-0.2069832384374935,0.22852701837090958,-1.245546766675293,-1.8399553848164116,-0.7401362052633182,0.7447416437502377,-1.7434688864615748,-0.25267163856862285,-0.4472135954999579,-1.5241409420144398,4.19,Fes
-0.8246080015681235,-0.8734354813833003,-0.8429922769363831,-0.8113289013251364,0.33239521798342114,1.4512914812191517,-1.2072576165714253,0.8377234154907341,-1.3526761454445049,0.6882061355176957,-0.24539543450342752,0.8180588739882472,-0.8472014812646907,1.1996372544553124,0.6255547232785751,0.9032609494480794,-1.7434688864615748,-0.25267163856862285,-1.3416407864998738,-1.5241409420144398,1.81,Casablanca
-2.108247739964746,-2.123999179962007,-2.0516792544758036,-2.116874703585505,1.6477938939498136,1.0939467727192025,-2.253818957635759,-1.812983511136664,-0.7828768109687095,-1.627662130033914,-0.24265170621300347,2.7045608119637277,-0.3267959427676095,1.5349718875153273,1.57529917612243,0.9032609494480794,-1.7434688864615748,-0.25267163856862285,1.3416407864998738,1.4026514466364775,3.3,Rabat
0.14941009138609743,0.021223665902771034,0.1690054811609257,0.08525074601029661,-1.0456414901718472,1.4512914812191517,0.8926609184212964,0.596750058524607,-0.7512212923867209,0.6882061355176957,1.3048110495860463,0.3582240266067237,-0.2261787071152421,-0.1566419297527699,-0.40737902470488735,0.9032609494480794,-1.7434688864615748,-0.25267163856862285,0.4472135954999579,1.4026514466364775,3.0,Marrakech
-1.1084278432236578,-1.1052632166289615,-1.0682331572652517,-1.1416477187645069,0.9587755398721794,1.0939467727192025,0.5460724223545366,0.43610115388052234,-1.3843316640264935,0.6882061355176957,-0.13564630288647353,0.7237337770894731,-1.9078061128134167,-1.733710748599377,-0.7470686465249522,0.9032609494480794,-1.7434688864615748,-0.25267163856862285,-0.4472135954999579,-1.5241409420144398,4.71,Fes
-0.8246080015681235,-0.8734354813833003,-0.8429922769363831,-0.8113289013251364,0.33239521798342114,1.4512914812191517,-0.8538732676406113,0.8377234154907341,-1.3526761454445049,0.6882061355176957,-0.017665986398248158,1.2071498986956901,-1.4690489868539132,1.4752092796432454,-0.03995963783828651,1.0617802551459212,-1.7434688864615748,-0.25267163856862285,-1.3416407864998738,-1.5241409420144398,1.99,Casablanca
-2.430770287300581,-2.4341912200794407,-2.3689199309953364,-2.4314640535277627,2.023622087083069,1.4512914812191517,-2.253818957635759,-1.812983511136664,-0.11811092074694818,-1.627662130033914,-0.1521086726290165,2.963954828435356,-0.7168939137804772,1.7673820292400912,1.1524202591627575,1.0617802551459212,-1.7434688864615748,-0.25267163856862285,1.3416407864998738,0.817292968906294,3.25,Rabat
-0.49563500328557214,-0.670994360464555,-0.4654758718781398,-0.5439279538742182,-0.8577273936052197,1.4512914812191517,-0.15390042264303752,0.35577670155848,-0.7512212923867209,0.6882061355176957,1.4310225509455436,0.8770120595499807,-0.7358627368952682,-0.053717438417516875,-0.49056831984449506,1.0617802551459212,-1.7434688864615748,-0.25267163856862285,0.4472135954999579,1.4026514466364775,3.14,Marrakech
-1.4309503905594927,-1.3697427455711946,-1.3854738337847845,-1.4562370687067643,1.6477938939498136,1.4512914812191517,-0.5072847715738515,0.596750058524607,-1.3843316640264935,0.6882061355176957,-0.12741511801520192,0.7237337770894731,-2.1453287674681856,-1.6025650257689739,-0.8233255004029261,1.0617802551459212,-1.7434688864615748,-0.25267163856862285,-0.4472135954999579,-1.5241409420144398,4.83,Fes
-0.8794368346152148,-0.9354738894067874,-0.8429922769363831,-0.8113289013251364,0.33239521798342114,1.4512914812191517,-1.553846112638185,-1.812983511136664,-1.3526761454445049,0.6882061355176957,0.23750074461116957,1.2778937213697705,-1.924300741608887,1.7076194213680094,-0.40044658344325335,-2.584163775904439,-1.279127926750703,0.09973880469814088,-1.3416407864998738,-1.5241409420144398,2.17,Casablanca
-2.7532928346364156,-2.7411180808272166,-2.686160607514869,-2.7460534034700204,2.399450280216324,1.4512914812191517,-2.253818957635759,-1.812983511136664,-0.11811092074694818,-1.627662130033914,-0.0313846278503671,2.775304634637808,-1.0360649809728235,1.8918874623069288,0.8127306373426926,-2.584163775904439,-1.279127926750703,0.09973880469814088,1.3416407864998738,0.817292968906294,3.21,Rabat
-0.8181575506214069,-0.9681256831033598,-0.7827165483976726,-0.8585173038164756,-0.41926116828308885,1.4512914812191517,-0.15390042264303752,0.5164256062025647,-1.3843316640264935,0.6882061355176957,1.6038774332422456,0.9949184306734483,-1.1028682275944766,0.047546980476844115,-0.5529602911992009,-2.584163775904439,-1.279127926750703,0.09973880469814088,0.4472135954999579,-1.5241409420144398,3.29,Marrakech
-1.7534729378953273,-1.679934785688628,-1.702714510304317,-1.7708264186490217,2.023622087083069,1.4512914812191517,-0.5072847715738515,0.19512779691439527,-1.3843316640264935,0.6882061355176957,-0.11369647656308272,0.4761303977301913,-2.1882148023364087,-1.4597987958523337,-0.8510552654494618,-2.584163775904439,-1.279127926750703,0.09973880469814088,-0.4472135954999579,-1.5241409420144398,4.89,Fes
0.7880047351110504,0.8016015352508411,0.7432111056612807,1.3687752937747075,-0.5445372326608405,1.8086361897191012,-0.15390042264303752,0.7573989631686918,-0.11811092074694818,0.6882061355176957,0.04269603599107666,-1.1156056124366203,0.2538149908329366,0.220194514329524,-0.511365643629397,-0.6819321075303381,-1.279127926750703,0.09973880469814088,-1.3416407864998738,0.817292968906294,1.94,Casablanca
0.4719326387219322,0.5110005713513505,0.4862461576804585,0.39984009595255404,-0.10607100733870968,2.1659808982190505,0.5460724223545366,0.43610115388052234,-1.3526761454445049,-0.46972799725810915,0.2868878538387992,-0.8562115959649917,0.5754602523446036,0.10066929858536028,0.7226089009414509,-0.6819321075303381,-1.279127926750703,0.09973880469814088,1.3416407864998738,-1.5241409420144398,3.28,Rabat
0.4719326387219322,0.4424318045885491,0.4862461576804585,0.39984009595255404,-0.6071752648497164,1.0939467727192025,-0.5072847715738515,-1.812983511136664,0.989832229622654,0.6882061355176957,2.119698351841929,-0.8208396846279514,0.7189635228651929,-0.2645466384106966,-0.6985415576935144,-0.6819321075303381,-1.279127926750703,0.09973880469814088,0.4472135954999579,0.2319344911761105,4.48,Marrakech
0.18166234611968135,0.08326207392625819,0.2007295488128794,0.11670968100452281,-0.8577273936052197,1.8086361897191012,0.19268807342372254,0.7573989631686918,0.989832229622654,0.6882061355176957,-0.0313846278503671,-1.1745587979983538,-0.3795787549131138,-1.313712421053912,-0.34498705335018165,-0.6819321075303381,-1.279127926750703,0.09973880469814088,-0.4472135954999579,0.2319344911761105,4.31,Fes
0.37517587452118156,0.3673326790864334,0.3910739547245984,0.4470284984438933,-0.35662313609421303,1.8086361897191012,0.5460724223545366,0.8377234154907341,-0.11811092074694818,0.6882061355176957,0.0344648511198048,-1.0920243382119268,0.47896667389110353,0.31979886078299535,-0.19940578685586796,-0.5234128018324964,-1.279127926750703,0.09973880469814088,-1.3416407864998738,0.817292968906294,2.13,Casablanca
0.794455186057767,0.8342533289474136,0.8034868341999912,0.7144294458948115,-0.35662313609421303,1.8086361897191012,0.19268807342372254,0.35577670155848,-1.1943985525345617,-0.46972799725810915,0.15244516760803065,-0.8797928701896853,0.8830850793801209,0.11228980567159966,0.743406224726353,-0.5234128018324964,-1.279127926750703,0.09973880469814088,1.3416407864998738,-1.5241409420144398,3.4,Rabat
1.1169777333936017,1.0824069610413598,1.120727510719524,1.029018795837069,-1.170917554549599,0.736602064219253,-1.2072576165714253,-1.812983511136664,0.989832229622654,0.6882061355176957,0.21829464657820305,-1.033071152650193,1.264111004555479,-0.5783003297391269,-0.7609335290482202,-0.5234128018324964,-1.279127926750703,0.09973880469814088,0.4472135954999579,0.2319344911761105,2.79,Marrakech
1.1492299881271857,1.1183239341075888,1.1524515783714777,1.0604777308312952,-1.170917554549599,1.4512914812191517,0.5460724223545366,0.5164256062025647,0.989832229622654,0.6882061355176957,-0.42099404509055366,-1.2217213464477412,-0.1181388885049129,-1.4083365501847096,-0.5529602911992009,-0.5234128018324964,-1.279127926750703,0.09973880469814088,-0.4472135954999579,0.2319344911761105,3.37,Fes
0.7331759020639591,0.6807898985735246,0.7432111056612807,0.7616178483861508,-0.9830034579829714,1.4512914812191517,-0.15390042264303752,0.9983723201348189,-1.3843316640264935,0.6882061355176957,-0.2234456081800367,-0.9623273299761124,0.8781366907414797,-0.06699801794464591,0.681014253371647,-0.20637419043681282,-1.279127926750703,0.09973880469814088,-1.3416407864998738,-1.5241409420144398,2.53,Casablanca
0.794455186057767,0.8081318939901554,0.8034868341999912,0.7144294458948115,-0.5445372326608405,1.8086361897191012,0.5460724223545366,0.5164256062025647,-0.7512212923867209,-0.46972799725810915,-0.1521086726290165,-0.7854677732909112,1.2789561704714028,-0.23798547935643613,0.9791092276219081,-0.20637419043681282,-1.279127926750703,0.09973880469814088,1.3416407864998738,1.4026514466364775,3.59,Rabat
1.7620228280652714,1.7158517587548563,1.7552088637585894,1.6581974957215837,-1.7972978764383571,0.3792573557193036,-0.5072847715738515,-1.4916857018484944,-0.11811092074694818,0.6882061355176957,-0.34965710953953366,-1.0094898784254993,1.3193680110203039,-0.9866781501983526,-0.6916091164318804,-0.20637419043681282,-1.279127926750703,0.09973880469814088,0.4472135954999579,0.817292968906294,2.38,Marrakech
1.7942750827988554,1.735442834972799,1.7869329314105433,1.68965643071581,-1.9225739408161089,0.736602064219253,1.5926337634188703,0.596750058524607,0.989832229622654,0.6882061355176957,-0.9477898768519323,-1.1981400722230475,0.03196223353386426,-1.8681766163115618,-0.7193388814784163,-0.20637419043681282,-1.279127926750703,0.09973880469814088,-0.4472135954999579,0.2319344911761105,2.47,Fes
-0.48595932686549675,-0.45549252206717994,-0.7573372942761094,-0.49673955138287895,0.6455853789278003,2.1659808982190505,-0.5072847715738515,-1.411361249526452,-1.3843316640264935,0.6882061355176957,-0.11095274827265893,1.0420809791228354,0.6694796364787832,1.1382145741423386,3.0865713711586373,0.7447416437502377,-1.279127926750703,0.09973880469814088,-1.3416407864998738,-1.5241409420144398,2.32,Casablanca
-0.8181575506214069,-0.7820104590328996,-0.7827165483976726,-0.8585173038164756,0.9587755398721794,2.1659808982190505,-1.2072576165714253,1.0786967724568612,-1.3843316640264935,-1.627662130033914,-0.13564630288647353,2.1268195934587366,0.6678301735992365,1.3556840638990817,2.171489124622952,0.7447416437502377,-1.279127926750703,0.09973880469814088,1.3416407864998738,-1.5241409420144398,3.96,Rabat
0.794455186057767,0.749358665336326,0.8034868341999912,0.7144294458948115,-0.9830034579829714,1.4512914812191517,1.93922225948563,1.0786967724568612,-0.11811092074694818,0.6882061355176957,1.1950619179690924,0.7001525028647795,-0.2055604211209045,-0.020515989599695455,-0.2340679931640379,0.7447416437502377,-1.279127926750703,0.09973880469814088,0.4472135954999579,0.817292968906294,3.4,Marrakech
-0.785905295887823,-0.866905122643986,-0.7509924807457189,-0.8270583688222495,0.08184308922791783,2.1659808982190505,-0.15390042264303752,0.7573989631686918,-0.7512212923867209,0.6882061355176957,-0.7612163531031108,1.018499704898142,-1.4682242554141394,-1.4531585060887704,-0.525230526152665,0.7447416437502377,-1.279127926750703,0.09973880469814088,-0.4472135954999579,1.4026514466364775,3.64,Fes
0.37517587452118156,0.3673326790864334,0.3910739547245984,0.4470284984438933,-0.35662313609421303,1.0939467727192025,0.19268807342372254,-1.4916857018484944,-0.7512212923867209,0.6882061355176957,1.1511622653223108,-0.8326303217402983,1.9527617567663555,-0.33924989825079715,2.7399493080769384,-0.3648934961346546,-0.8147869670398313,0.4521492479649046,-1.3416407864998738,1.4026514466364775,6.57,Casablanca
0.4719326387219322,0.47508359828512153,0.4862461576804585,0.39984009595255404,-0.35662313609421303,1.0939467727192025,1.2392494144880561,0.9180478678127766,-1.2893651082805277,-1.0486950636460115,0.5996728789471175,-0.7265145877291773,1.7671971828173172,-0.17988294392524629,1.74861020766328,-0.3648934961346546,-0.8147869670398313,0.4521492479649046,1.3416407864998738,-1.5241409420144398,6.06,Rabat
2.407067922736941,2.417865323231153,2.3896902167976553,2.2873761956060985,-1.7346598442494814,0.02191264721935415,-0.5072847715738515,-1.812983511136664,-0.11811092074694818,0.6882061355176957,0.7231406520161909,-0.9741179670884591,1.883484315825381,-1.0929227864153872,-0.6777442339086125,-0.3648934961346546,-0.8147869670398313,0.4521492479649046,0.4472135954999579,0.817292968906294,3.6,Marrakech
1.4717525354630205,1.35015166935325,1.4696922548910105,1.3750670807735526,-2.110488037382736,0.3792573557193036,-0.5072847715738515,-1.812983511136664,-0.7512212923867209,0.6882061355176957,-0.47312488260860663,-1.1509775237736606,0.7230871800640614,-1.7735524871807642,-0.6500144688620766,-0.3648934961346546,-0.8147869670398313,0.4521492479649046,-0.4472135954999579,1.4026514466364775,3.71,Fes
0.37517587452118156,0.40324965215266356,0.3910739547245984,0.4470284984438933,-0.10607100733870968,1.0939467727192025,-0.15390042264303752,-1.4916857018484944,-0.7512212923867209,0.6882061355176957,1.0496443185766287,-0.7854677732909112,1.9577101454049968,-0.5235179391897163,2.7746115143851084,-0.20637419043681282,-0.8147869670398313,0.4521492479649046,-1.3416407864998738,1.4026514466364775,6.53,Casablanca
0.4719326387219322,0.5110005713513505,0.4862461576804585,0.39984009595255404,-0.10607100733870968,1.0939467727192025,0.8926609184212964,0.8377234154907341,-1.2893651082805277,-1.0486950636460115,0.5201047585248262,-0.6793520392797905,1.7292595365877352,-0.28778765258317296,1.7555426489249137,-0.20637419043681282,-0.8147869670398313,0.4521492479649046,1.3416407864998738,-1.5241409420144398,6.0,Rabat
2.7295904700727758,2.6170412647802417,2.7069308933171876,2.601965545548356,-1.8599359086272331,-0.3354320612805953,-0.8538732676406113,-1.812983511136664,-0.11811092074694818,0.6882061355176957,0.7889901309863628,-0.9505366928637657,1.9115251847776804,-1.1161638005878636,-0.6153522625539066,-0.20637419043681282,-0.8147869670398313,0.4521492479649046,0.4472135954999579,0.817292968906294,3.71,Marrakech
1.7942750827988554,1.735442834972799,1.7869329314105433,1.68965643071581,-1.9225739408161089,0.02191264721935415,0.19268807342372254,1.0786967724568612,-0.7512212923867209,0.6882061355176957,-0.5828740142255606,-1.127396249548967,0.773395797890245,-1.8748169060751252,-0.6777442339086125,-0.20637419043681282,-0.8147869670398313,0.4521492479649046,-0.4472135954999579,1.4026514466364775,3.52,Fes
-0.48595932686549675,-0.45549252206717994,-0.49085512599970194,-0.49673955138287895,0.6455853789278003,1.0939467727192025,-0.5072847715738515,-1.3310367972044097,-1.3210206268625162,0.6882061355176957,0.19908854854523603,1.3958000924932377,-0.11731415706514015,0.8792432733633164,2.608232924105893,0.7447416437502377,-0.8147869670398313,0.4521492479649046,-1.3416407864998738,-1.5241409420144398,3.34,Casablanca
-1.1406800979572418,-1.046489987975132,-1.0999572249172054,-1.1731066537587331,1.6477938939498136,0.736602064219253,-0.5072847715738515,-1.7326590588146216,-1.2893651082805277,-1.0486950636460115,-0.4429438714139444,1.8674255769871082,-0.3342185257255713,0.8659626938361874,1.6307587062155018,0.7447416437502377,-0.8147869670398313,0.4521492479649046,1.3416407864998738,-1.5241409420144398,2.81,Rabat
0.794455186057767,0.749358665336326,0.8034868341999912,0.7144294458948115,-0.9830034579829714,0.02191264721935415,1.5926337634188703,-1.6523346064925792,-0.11811092074694818,0.6882061355176957,1.507846943077411,1.537287737841399,0.3775247067989622,0.04090669071327842,-0.20633822811750197,0.7447416437502377,-0.8147869670398313,0.4521492479649046,0.4472135954999579,0.817292968906294,6.05,Marrakech
-0.46338274855198824,-0.5077353919816951,-0.4337518042261861,-0.5124690188799921,0.08184308922791783,0.736602064219253,0.19268807342372254,0.6770745108466495,-1.3843316640264935,0.6882061355176957,-0.629517395162766,1.3958000924932377,-0.6550390557974644,-1.4000361879802519,-0.525230526152665,0.7447416437502377,-0.8147869670398313,0.4521492479649046,-0.4472135954999579,-1.5241409420144398,3.18,Fes
-0.48595932686549675,-0.45549252206717994,-0.7573372942761094,-0.49673955138287895,0.6455853789278003,0.736602064219253,-0.5072847715738515,-1.2507123448823674,-1.3526761454445049,0.6882061355176957,0.20183227683565982,1.4547532780549717,-0.4472067329745417,0.8593224040726241,2.1645566833613183,0.9032609494480794,-0.8147869670398313,0.4521492479649046,-1.3416407864998738,-1.5241409420144398,3.17,Casablanca
-1.7857251926289113,-1.764829449299715,-1.734438577956271,-1.802285353643248,1.6477938939498136,0.736602064219253,-1.2072576165714253,-1.4916857018484944,-1.2893651082805277,-1.0486950636460115,-0.48135606747987825,2.020703859447616,-0.711120793702062,0.8111803032867793,1.4921098809828222,0.9032609494480794,-0.8147869670398313,0.4521492479649046,1.3416407864998738,-1.5241409420144398,2.6,Rabat
0.14941009138609743,0.08326207392625819,0.1690054811609257,0.08525074601029661,-0.6071752648497164,0.3792573557193036,0.19268807342372254,-1.4916857018484944,-0.11811092074694818,0.6882061355176957,1.345966973942404,1.4075907296055847,0.04433320513046729,-0.053717438417516875,-0.35191949461181543,0.9032609494480794,-0.8147869670398313,0.4521492479649046,0.4472135954999579,0.817292968906294,5.84,Marrakech
-1.1084278432236578,-1.1477105484345054,-1.0682331572652517,-1.1416477187645069,0.6455853789278003,0.736602064219253,-0.15390042264303752,0.11480334459235289,-1.3843316640264935,0.6882061355176957,-0.6404923083244614,1.7848911172006805,-0.9618391513932077,-1.429917491916294,-0.5460278499375669,0.9032609494480794,-0.8147869670398313,0.4521492479649046,-0.4472135954999579,-1.5241409420144398,3.2,Fes
-0.14408542668951227,-0.15183084068906075,-0.13871797506302072,0.1104178940056778,0.08184308922791783,-0.3354320612805953,-0.5072847715738515,0.9180478678127766,-0.11811092074694818,-0.46972799725810915,-0.9423024202710845,-0.47891120836989565,0.9705066119961125,0.5588492922713227,0.8265955198659605,0.42770303235455415,-0.3504460073289597,0.8045596912316683,-1.3416407864998738,0.817292968906294,1.7,Casablanca
-0.17311245594973737,-0.184482634385632,-0.14823519535860707,-0.22933860393196082,0.08184308922791783,-0.6927767697805447,-0.15390042264303752,0.35577670155848,0.989832229622654,-1.0486950636460115,-0.522511991836236,0.13420192147213547,1.046381904455274,0.5505489300668674,0.9097848150055683,0.42770303235455415,-0.3504460073289597,0.8045596912316683,1.3416407864998738,0.2319344911761105,2.76,Rabat
0.4719326387219322,0.4424318045885491,0.4862461576804585,0.39984009595255404,-0.6071752648497164,-1.4074661867804434,-0.5072847715738515,0.03447889227031053,0.989832229622654,0.6882061355176957,0.9206890889267076,-0.7147239506168306,0.5416462633138903,-0.6214622132022957,-0.2340679931640379,0.42770303235455415,-0.3504460073289597,0.8045596912316683,0.4472135954999579,0.2319344911761105,4.22,Marrakech
0.5041848934555161,0.47834877765477923,0.5179702253324122,0.43129903094678024,-0.6071752648497164,-1.4074661867804434,1.5926337634188703,0.6770745108466495,-0.11811092074694818,0.6882061355176957,-0.6350048517436138,-0.30205165168469433,-0.4472067329745417,-1.3618545218397569,-0.47670343732122716,0.42770303235455415,-0.3504460073289597,0.8045596912316683,-0.4472135954999579,0.817292968906294,3.58,Fes
-0.48595932686549675,-0.5305916475692956,-0.49085512599970194,-0.20417145593657962,0.08184308922791783,-0.3354320612805953,-0.15390042264303752,0.9180478678127766,-0.11811092074694818,-0.46972799725810915,-0.8572468432679453,-0.17235464344888007,0.7791689179686591,0.625252189906968,0.8612577261741305,0.5862223380523959,-0.3504460073289597,0.8045596912316683,-1.3416407864998738,0.817292968906294,1.69,Casablanca
-0.49563500328557214,-0.49793985387272316,-0.4654758718781398,-0.5439279538742182,0.395033250172297,-0.3354320612805953,-0.5072847715738515,0.43610115388052234,0.989832229622654,-1.0486950636460115,-0.5609241879021698,0.5232929461795783,0.8723635706630646,0.6368726969932074,0.8543252849124964,0.5862223380523959,-0.3504460073289597,0.8045596912316683,1.3416407864998738,0.2319344911761105,2.59,Rabat
0.4719326387219322,0.4163103696312921,0.4862461576804585,0.39984009595255404,-0.7950893614163439,-1.0501214782804942,-0.5072847715738515,0.19512779691439527,0.989832229622654,0.6882061355176957,0.6106477921088131,-0.30205165168469433,0.19690852148856505,-0.5550593155666506,-0.3103248470420117,0.5862223380523959,-0.3504460073289597,0.8045596912316683,0.4472135954999579,0.2319344911761105,3.76,Marrakech
-0.14086020121615342,-0.18121745501597547,-0.11651112770665335,-0.19787966893773462,-0.1687090395275855,-1.0501214782804942,1.93922225948563,0.6770745108466495,-0.11811092074694818,0.6882061355176957,-0.8709654847200645,-0.030866998100719197,-0.675657341791802,-1.4216171297118387,-0.40044658344325335,0.5862223380523959,-0.3504460073289597,0.8045596912316683,-0.4472135954999579,0.817292968906294,3.26,Fes
-0.48595932686549675,-0.5305916475692956,-0.7573372942761094,-0.49673955138287895,0.08184308922791783,-0.3354320612805953,-0.5072847715738515,0.9180478678127766,-1.2893651082805277,0.6882061355176957,-0.6898794175520906,0.13420192147213547,0.6736032936776505,0.9788476198167878,0.99990655140681,0.7447416437502377,-0.3504460073289597,0.8045596912316683,-1.3416407864998738,-1.5241409420144398,1.77,Casablanca
-0.49563500328557214,-0.49793985387272316,-0.4654758718781398,-0.5439279538742182,0.395033250172297,-0.3354320612805953,0.19268807342372254,0.43610115388052234,0.989832229622654,-1.0486950636460115,-0.574642829354289,0.8416401482129406,0.7115409399072323,0.9124447221811403,0.8404604023892285,0.7447416437502377,-0.3504460073289597,0.8045596912316683,1.3416407864998738,0.2319344911761105,2.46,Rabat
0.14941009138609743,0.08326207392625819,0.1690054811609257,0.08525074601029661,-0.6071752648497164,-0.3354320612805953,-0.15390042264303752,0.11480334459235289,0.989832229622654,0.6882061355176957,0.3307875064855803,0.12241128435978871,-0.1371077116197038,-0.32928946360545214,-0.4212439072281553,0.7447416437502377,-0.3504460073289597,0.8045596912316683,0.4472135954999579,0.2319344911761105,3.28,Marrakech
-0.785905295887823,-0.7885408177722139,-0.7509924807457189,-0.8270583688222495,0.6455853789278003,-0.3354320612805953,1.5926337634188703,0.6770745108466495,-0.11811092074694818,0.6882061355176957,-1.0383329104359194,0.16957383280917576,-0.882664933174952,-1.2838311171178722,-0.3796492596583514,0.7447416437502377,-0.3504460073289597,0.8045596912316683,-0.4472135954999579,-0.353423986554073,3.03,Fes
-1.166481901744108,-1.0856721404110181,-1.1951294278730649,-0.8333501558210945,1.5851558617609378,0.02191264721935415,-1.553846112638185,-1.812983511136664,-0.11811092074694818,-1.627662130033914,2.405046094046009,2.7870952717501543,-2.736661209785788,1.8354449993166286,-0.2895275232571098,-1.1574900246238633,0.113894952381912,1.156970134498432,-1.3416407864998738,0.817292968906294,4.63,Casablanca
-0.17311245594973737,-0.06367099770831543,-0.14823519535860707,-0.22933860393196082,0.9587755398721794,-0.3354320612805953,-0.5072847715738515,-0.2064944646958166,0.989832229622654,-2.2066291964218165,0.4076118986174484,3.2705113933563714,-1.5449242793130746,1.2843009489407629,-0.07462184414645642,-1.1574900246238633,0.113894952381912,1.156970134498432,1.3416407864998738,0.2319344911761105,2.97,Rabat
-0.8181575506214069,-0.866905122643986,-0.7827165483976726,-0.8585173038164756,0.33239521798342114,-0.3354320612805953,-0.15390042264303752,-1.6523346064925792,0.989832229622654,0.6882061355176957,-0.8352970169445545,2.339051061480978,-1.5094608274028145,0.5007467568401306,-0.7747984115714881,-1.1574900246238633,0.113894952381912,1.156970134498432,0.4472135954999579,0.2319344911761105,1.56,Marrakech
-0.46338274855198824,-0.5403871856782664,-0.4337518042261861,-0.5124690188799921,-0.1687090395275855,-0.3354320612805953,-0.15390042264303752,0.5164256062025647,-0.11811092074694818,0.6882061355176957,-1.5459226441643312,0.2638989297079496,-1.7964673684439942,-1.0414605407477608,-0.7817308528331222,-1.1574900246238633,0.113894952381912,1.156970134498432,-0.4472135954999579,0.817292968906294,1.77,Fes
-0.48595932686549675,-0.4130451902616355,-0.49085512599970194,-0.20417145593657962,0.9587755398721794,0.02191264721935415,-1.2072576165714253,-1.812983511136664,-0.11811092074694818,-0.46972799725810915,1.1648809067744301,0.2874802039326431,0.37340104960009496,0.842721679663711,3.3292068153158265,-0.9989707189260216,0.113894952381912,1.156970134498432,-1.3416407864998738,0.817292968906294,4.11,Casablanca
-0.17311245594973737,-0.13877012321043108,-0.14823519535860707,-0.22933860393196082,0.395033250172297,0.02191264721935415,-0.15390042264303752,0.03447889227031053,0.989832229622654,-2.2066291964218165,-0.33593846808741423,-0.06623890943775922,0.4468021477399369,0.5771100891211255,0.5215681043540655,-0.9989707189260216,0.113894952381912,1.156970134498432,1.3416407864998738,0.2319344911761105,2.49,Rabat
-0.49563500328557214,-0.5763041587444954,-0.4654758718781398,-0.5439279538742182,-0.1687090395275855,-0.3354320612805953,-0.8538732676406113,-1.812983511136664,0.989832229622654,0.6882061355176957,-0.9834583446274423,0.2521082925956031,-0.6335960383633529,0.3148186434603216,-0.8025281766180241,-0.9989707189260216,0.113894952381912,1.156970134498432,0.4472135954999579,0.2319344911761105,1.33,Marrakech
-0.46338274855198824,-0.6089559524410678,-0.4337518042261861,-0.5124690188799921,-0.6698132970385922,-0.3354320612805953,1.2392494144880561,0.6770745108466495,0.989832229622654,0.6882061355176957,-1.869682582434345,-0.9859086042008058,-0.372156171955152,-1.3850955360122332,-0.9134472368041676,-0.9989707189260216,0.113894952381912,1.156970134498432,-0.4472135954999579,0.2319344911761105,0.95,Fes
0.19778847348647333,0.17142191690700234,0.21341917587366047,0.4250072439479352,-0.35662313609421303,-0.3354320612805953,0.5460724223545366,1.0786967724568612,-0.11811092074694818,0.6882061355176957,-0.8956590393338791,-0.7736771361785644,1.0810206249257612,0.21023407968417662,0.9097848150055683,-0.20637419043681282,0.113894952381912,1.156970134498432,-1.3416407864998738,0.817292968906294,2.24,Casablanca
0.4719326387219322,0.4424318045885491,0.4862461576804585,0.39984009595255404,-0.6071752648497164,-0.3354320612805953,0.5460724223545366,0.5164256062025647,-0.11811092074694818,-0.46972799725810915,-0.9038902242051507,-0.7147239506168306,1.1453496772280947,0.09900922614447062,0.17494604127236665,-0.20637419043681282,0.113894952381912,1.156970134498432,1.3416407864998738,0.817292968906294,2.4,Rabat
0.4719326387219322,0.3640674997167769,0.4862461576804585,0.39984009595255404,-1.170917554549599,-1.0501214782804942,-0.5072847715738515,-1.170387892560325,-0.11811092074694818,0.6882061355176957,-1.041076638726343,-1.08023370109958,0.766797946372056,-0.6696043139881406,-0.83025794166456,-0.20637419043681282,0.113894952381912,1.156970134498432,0.4472135954999579,0.817292968906294,1.5,Marrakech
0.826707440791351,0.7591542034452979,0.8352109018519449,0.7458883808890376,-1.170917554549599,-1.0501214782804942,1.93922225948563,0.5164256062025647,0.989832229622654,0.6882061355176957,-1.543178915873907,-1.033071152650193,-0.20720988400045118,-1.559403142305805,-0.5806900562457368,-0.20637419043681282,0.113894952381912,1.156970134498432,-0.4472135954999579,0.2319344911761105,1.48,Fes
-0.8246080015681235,-0.7885408177722139,-1.0745779707956422,-0.8113289013251364,0.9587755398721794,0.736602064219253,-0.5072847715738515,-1.7326590588146216,-1.257709589698539,0.6882061355176957,2.089517340647267,0.9949184306734483,0.003921364581564844,1.076791893829367,2.386394803733606,0.9032609494480794,0.5782359120927837,1.5093805777651956,-1.3416407864998738,-1.5241409420144398,4.79,Casablanca
-0.8181575506214069,-0.68732025731284,-0.7827165483976726,-0.8585173038164756,1.6477938939498136,0.736602064219253,-1.2072576165714253,0.6770745108466495,0.989832229622654,-1.627662130033914,0.9837948396064562,1.2896843584821172,-0.02247004149118672,0.9672271127305484,0.7226089009414509,0.9032609494480794,0.5782359120927837,1.5093805777651956,1.3416407864998738,0.2319344911761105,4.83,Rabat
-0.49563500328557214,-0.543652365047924,-0.4654758718781398,-0.5439279538742182,0.08184308922791783,0.02191264721935415,0.5460724223545366,-1.7326590588146216,-1.3843316640264935,-0.46972799725810915,1.0414131337053572,0.8888026966623275,-0.8340057782283149,-0.14170127778474884,-0.7470686465249522,0.9032609494480794,0.5782359120927837,1.5093805777651956,0.4472135954999579,-1.5241409420144398,3.49,Marrakech
-1.4309503905594927,-1.3207650550263366,-1.3854738337847845,-1.4562370687067643,2.023622087083069,0.3792573557193036,-0.15390042264303752,-0.1261700123737742,0.989832229622654,0.6882061355176957,-1.5239728178409404,0.40538657505611075,-2.112339509877246,-1.5826441564782814,-0.9897040906821415,0.9032609494480794,0.5782359120927837,1.5093805777651956,-0.4472135954999579,0.2319344911761105,1.7,Fes
-0.8246080015681235,-0.7460934859666695,-1.0745779707956422,-0.8113289013251364,1.2719657008165586,0.736602064219253,-0.5072847715738515,-1.6523346064925792,-1.257709589698539,0.6882061355176957,2.2459098532014266,0.9359652451117145,-0.129685128661742,1.20959768910066,1.9011239154192272,1.0617802551459212,0.5782359120927837,1.5093805777651956,-1.3416407864998738,-1.5241409420144398,5.07,Casablanca
-0.8181575506214069,-0.68732025731284,-0.7827165483976726,-0.8585173038164756,1.6477938939498136,0.3792573557193036,-1.2072576165714253,0.7573989631686918,0.989832229622654,-1.627662130033914,1.1045188843851053,1.3132656327068106,-0.15607653473449473,1.1249339946152095,0.7018115771565491,1.0617802551459212,0.5782359120927837,1.5093805777651956,1.3416407864998738,0.2319344911761105,4.97,Rabat
-0.8181575506214069,-0.866905122643986,-0.7827165483976726,-0.8585173038164756,0.33239521798342114,0.02191264721935415,0.19268807342372254,-1.572010154170537,-1.3526761454445049,-0.46972799725810915,1.1895744613882449,0.8534307853252872,-0.9709111972307163,-0.017195844717911427,-0.7747984115714881,1.0617802551459212,0.5782359120927837,1.5093805777651956,0.4472135954999579,-1.5241409420144398,3.6,Marrakech
-1.1084278432236578,-1.0628158848234182,-1.0682331572652517,-1.1416477187645069,1.2719657008165586,0.736602064219253,0.5460724223545366,0.596750058524607,0.989832229622654,0.6882061355176957,-1.4800731651941588,0.5822461317413119,-2.4224385312320833,-1.6042250982098658,-0.9966365319437754,1.0617802551459212,0.5782359120927837,1.5093805777651956,-0.4472135954999579,0.2319344911761105,1.8,Fes
-0.8246080015681235,-0.7460934859666695,-1.0745779707956422,-0.8113289013251364,1.2719657008165586,0.3792573557193036,-1.553846112638185,-1.812983511136664,-1.2893651082805277,0.6882061355176957,2.3337091584949894,0.7355244142018198,-0.20720988400045118,1.3407434119310606,1.3326637319652408,-2.584163775904439,1.0425768718036554,1.8617910210319595,-1.3416407864998738,-1.5241409420144398,5.26,Casablanca
-1.7857251926289113,-1.7158517587548576,-1.734438577956271,-1.802285353643248,2.023622087083069,0.3792573557193036,-2.253818957635759,-1.812983511136664,-0.11811092074694818,-2.2066291964218165,1.1785995482265497,1.2189405358080365,-0.2797862507005203,1.2444592103593732,0.7018115771565491,-2.584163775904439,1.0425768718036554,1.8617910210319595,1.3416407864998738,0.817292968906294,5.1,Rabat
-1.1406800979572418,-1.1836275215007344,-1.0999572249172054,-1.1731066537587331,0.6455853789278003,0.02191264721935415,-0.15390042264303752,-1.6523346064925792,-1.3526761454445049,-0.46972799725810915,1.2417052989062978,0.5115023090672316,-0.9733853915500369,0.10896966078981563,-0.816393059141292,-2.584163775904439,1.0425768718036554,1.8617910210319595,0.4472135954999579,-1.5241409420144398,3.6,Marrakech
-1.7534729378953273,-1.679934785688628,-1.702714510304317,-1.7708264186490217,2.023622087083069,0.736602064219253,-0.5072847715738515,0.35577670155848,-0.11811092074694818,0.6882061355176957,-1.4279423276761056,0.676571228640086,-2.5989310593436135,-1.5975848084463025,-0.9897040906821415,-2.584163775904439,1.0425768718036554,1.8617910210319595,-0.4472135954999579,0.817292968906294,1.89,Fes
-0.44725662118519627,-0.44569698395820795,-0.41788977040020925,0.4250072439479352,0.395033250172297,1.0939467727192025,-0.15390042264303752,-1.7326590588146216,0.989832229622654,-1.627662130033914,2.325477973623718,-0.30205165168469433,0.9837023150324884,0.36296074424616415,2.5042463051813835,-0.5234128018324964,1.0425768718036554,1.8617910210319595,-1.3416407864998738,0.2319344911761105,6.31,Casablanca
0.4719326387219322,0.5436523650479229,0.4862461576804585,0.39984009595255404,0.14448112141679367,0.736602064219253,-0.15390042264303752,0.5164256062025647,0.989832229622654,-2.2066291964218165,2.174572917650406,-0.26667974034765407,0.919373262730155,0.2666765426744768,1.1524202591627575,-0.5234128018324964,1.0425768718036554,1.8617910210319595,1.3416407864998738,0.2319344911761105,6.97,Rabat
0.4719326387219322,0.47508359828512153,0.4862461576804585,0.39984009595255404,-0.35662313609421303,0.3792573557193036,-1.2072576165714253,-1.812983511136664,0.989832229622654,-0.46972799725810915,1.9825119373207367,-0.9859086042008058,0.2810311283454633,-0.7708687328825016,-0.7470686465249522,-0.5234128018324964,1.0425768718036554,1.8617910210319595,0.4472135954999579,0.2319344911761105,4.01,Marrakech
0.826707440791351,0.8701703020136425,0.8352109018519449,0.7458883808890376,-0.35662313609421303,0.3792573557193036,0.19268807342372254,0.6770745108466495,-0.11811092074694818,0.6882061355176957,-1.4471484257090723,-1.186349435110701,-0.16762277489132385,-2.004302556464636,-0.9273121193274356,-0.5234128018324964,1.0425768718036554,1.8617910210319595,-0.4472135954999579,0.817292968906294,1.86,Fes
-0.14408542668951227,-0.10938350888351636,-0.13871797506302072,0.1104178940056778,0.395033250172297,1.0939467727192025,0.5460724223545366,-1.6523346064925792,0.989832229622654,-1.627662130033914,0.8136836856001779,-0.11340145788714627,0.5441204576332109,0.032606328508823064,1.6862182363085736,-0.3648934961346546,1.0425768718036554,1.8617910210319595,-1.3416407864998738,0.2319344911761105,4.1,Casablanca
0.14941009138609743,0.22039960745185982,0.1690054811609257,0.08525074601029661,0.395033250172297,0.736602064219253,0.5460724223545366,0.7573989631686918,0.989832229622654,-2.2066291964218165,0.8136836856001779,-0.26667974034765407,0.8047355926016379,0.009365314336346653,0.6186222820169412,-0.3648934961346546,1.0425768718036554,1.8617910210319595,1.3416407864998738,0.2319344911761105,4.99,Rabat
0.794455186057767,0.7754801002935829,0.8034868341999912,0.7144294458948115,-0.7950893614163439,0.02191264721935415,-0.5072847715738515,0.9180478678127766,0.989832229622654,0.6882061355176957,1.5901587917901268,-1.0920243382119268,0.3626795408830398,-0.9833580053165709,-0.7678659703098542,-0.3648934961346546,1.0425768718036554,1.8617910210319595,0.4472135954999579,0.2319344911761105,3.66,Marrakech
0.826707440791351,0.8113970733598131,0.8352109018519449,0.7458883808890376,-0.7950893614163439,0.02191264721935415,-0.15390042264303752,0.9180478678127766,-0.11811092074694818,0.6882061355176957,-1.5898222968111126,-1.1981400722230475,0.06825041688389825,-2.1570292210266238,-0.9827716494205074,-0.3648934961346546,1.0425768718036554,1.8617910210319595,-0.4472135954999579,0.817292968906294,1.6,Fes
-0.12473407384936146,-0.1289745851014603,-0.10064909388067649,0.4250072439479352,0.08184308922791783,0.736602064219253,0.19268807342372254,-1.6523346064925792,0.989832229622654,-0.46972799725810915,0.6764972710789855,-0.12519209499949302,0.5705118637059624,-0.12012033605316444,1.6792857950469398,-0.20637419043681282,1.0425768718036554,1.8617910210319595,-1.3416407864998738,0.2319344911761105,3.75,Casablanca
-0.17311245594973737,-0.10611832951385981,-0.14823519535860707,-0.22933860393196082,0.6455853789278003,0.736602064219253,0.5460724223545366,0.596750058524607,0.989832229622654,-2.2066291964218165,0.624366433560932,-0.2548891032353074,0.8105087126800519,-0.15166171243009618,0.5562303106622356,-0.20637419043681282,1.0425768718036554,1.8617910210319595,1.3416407864998738,0.2319344911761105,4.63,Rabat
1.1169777333936017,1.108528395998618,1.120727510719524,1.029018795837069,-0.9830034579829714,-0.3354320612805953,-0.8538732676406113,-1.812983511136664,0.989832229622654,0.6882061355176957,1.7547824892155575,-1.068443063987233,0.30247414577957366,-1.1062033659425163,-0.7193388814784163,-0.20637419043681282,1.0425768718036554,1.8617910210319595,0.4472135954999579,0.2319344911761105,3.93,Marrakech
0.826707440791351,0.8113970733598131,0.8352109018519449,0.7458883808890376,-0.7950893614163439,0.02191264721935415,1.2392494144880561,0.9180478678127766,0.989832229622654,0.6882061355176957,-1.543178915873907,-1.1627681608860072,0.018766530497488478,-2.2051713218124687,-0.9689067668972395,-0.20637419043681282,1.0425768718036554,1.8617910210319595,-0.4472135954999579,0.2319344911761105,1.69,Fes
-0.12473407384936146,-0.1289745851014603,-0.10064909388067649,0.4250072439479352,0.08184308922791783,0.736602064219253,0.5460724223545366,-1.7326590588146216,0.989832229622654,-0.46972799725810915,0.7752714895342439,0.004504913236321088,0.6703043679185571,-0.15000163998920418,1.7624750901865476,-0.047854884738971086,1.0425768718036554,1.8617910210319595,-1.3416407864998738,0.2319344911761105,3.58,Casablanca
0.14941009138609743,0.22039960745185982,0.1690054811609257,0.08525074601029661,0.395033250172297,0.3792573557193036,0.19268807342372254,0.7573989631686918,0.989832229622654,-2.2066291964218165,0.6929596408215283,0.0634580987980549,0.8550442104278215,-0.14502142266653287,0.6463520470634773,-0.047854884738971086,1.0425768718036554,1.8617910210319595,1.3416407864998738,0.2319344911761105,4.44,Rabat
1.4395002807294366,1.4415766917036519,1.4379681872390568,1.3436081457793263,-1.170917554549599,-0.3354320612805953,-1.2072576165714253,0.03447889227031053,0.989832229622654,0.6882061355176957,2.2733471361056643,-0.9505366928637657,0.36927739240122764,-0.9767177155530052,-0.5945549387690047,-0.047854884738971086,1.0425768718036554,1.8617910210319595,0.4472135954999579,0.2319344911761105,4.67,Marrakech
1.1492299881271857,1.170566804022104,1.1524515783714777,1.0604777308312952,-0.7950893614163439,0.02191264721935415,0.5460724223545366,0.7573989631686918,0.989832229622654,0.6882061355176957,-1.4114799579335626,-1.033071152650193,-0.09834533395034922,-2.0574248745731545,-0.9273121193274356,-0.047854884738971086,1.0425768718036554,1.8617910210319595,-0.4472135954999579,0.2319344911761105,1.96,Fes
-0.12473407384936146,-0.1289745851014603,-0.10064909388067649,0.1104178940056778,0.08184308922791783,0.736602064219253,0.5460724223545366,-1.7326590588146216,0.989832229622654,-0.46972799725810915,1.0469005902862047,0.27568956682029633,0.7700968721311505,-0.09853939432158004,1.963515886773933,0.11066442095887066,1.0425768718036554,1.8617910210319595,-1.3416407864998738,0.2319344911761105,3.56,Casablanca
0.14941009138609743,0.22039960745185982,0.1690054811609257,0.08525074601029661,0.395033250172297,0.3792573557193036,0.19268807342372254,0.6770745108466495,0.989832229622654,-2.2066291964218165,0.9234328172171314,0.6411993173030457,0.8872087365789882,-0.037116714008606166,0.8265955198659605,0.11066442095887066,1.0425768718036554,1.8617910210319595,1.3416407864998738,0.2319344911761105,4.39,Rabat
1.7620228280652714,1.8105419604749147,1.7552088637585894,1.6581974957215837,-1.108279522360723,-0.6927767697805447,-0.5072847715738515,0.5164256062025647,0.989832229622654,0.6882061355176957,2.8961734580318774,-0.7500958619538709,0.42865805606491986,-0.8455719927226044,-0.4628385547979592,0.11066442095887066,1.0425768718036554,1.8617910210319595,0.4472135954999579,0.2319344911761105,5.58,Marrakech
0.826707440791351,0.8113970733598131,0.8352109018519449,0.7458883808890376,-0.7950893614163439,-0.3354320612805953,0.5460724223545366,0.8377234154907341,0.989832229622654,0.6882061355176957,-1.2495999887985556,-0.7854677732909112,-0.3457647658824004,-1.9080183548929488,-0.8579877067110959,0.11066442095887066,1.0425768718036554,1.8617910210319595,-0.4472135954999579,0.2319344911761105,2.26,Fes
