ville,timestamp,latitude,longitude,temperature,temp_ressentie,temp_min,temp_max,humidite,pression,vent_vitesse,vent_direction,nuages,description_meteo,visibilite,aqi,aqi_label,pm2_5,pm10,no2,o3,co,so2
Casablanca,2026-05-08 19:38:25,33.5928,-7.6192,19.13,18.74,19.07,19.19,63,1011,4.12,300,0,ciel dégagé,10000,3,Modéré,1.17,4.97,0.69,103.43,106.44,1.34
Rabat,2026-05-08 19:38:28,33.9911,-6.8401,19.04,18.64,19.04,19.04,63,1010,2.06,320,75,nuageux,8000,3,Modéré,3.9,8.93,2.13,104.25,105.58,4.22
Marrakech,2026-05-08 19:38:31,31.6315,-8.0083,22.04,21.5,22.04,22.04,46,1011,6.69,290,0,ciel dégagé,10000,3,Modéré,2.37,8.36,1.31,101.15,103.67,1.15
Fes,2026-05-08 19:38:34,34.0372,-4.9998,23.14,22.79,23.14,23.14,49,1008,3.09,340,75,nuageux,10000,2,Correct,4.99,10.49,0.95,90.74,98.58,0.75
Casablanca,2026-05-08 19:39:51,33.5928,-7.6192,19.13,18.74,19.07,19.19,63,1011,4.12,300,0,ciel dégagé,10000,3,Modéré,1.17,4.97,0.69,103.43,106.44,1.34
Rabat,2026-05-08 19:39:54,33.9911,-6.8401,19.04,18.64,19.04,19.04,63,1010,2.06,320,75,nuageux,8000,3,Modéré,3.9,8.93,2.13,104.25,105.58,4.22
Marrakech,2026-05-08 19:39:56,31.6315,-8.0083,22.04,21.5,22.04,22.04,46,1011,6.69,290,0,ciel dégagé,10000,3,Modéré,2.37,8.36,1.31,101.15,103.67,1.15
Fes,2026-05-08 19:39:58,34.0372,-4.9998,23.14,22.79,23.14,23.14,49,1008,3.09,340,75,nuageux,10000,2,Correct,4.99,10.49,0.95,90.74,98.58,0.75
Casablanca,2026-05-08 20:40:01,33.5928,-7.6192,18.65,18.22,18.19,19.12,63,1012,4.12,310,75,nuageux,10000,3,Modéré,1.27,5.51,0.72,102.4,107.57,1.31
Rabat,2026-05-08 20:40:04,33.9911,-6.8401,18.04,17.54,18.04,18.04,63,1011,1.54,300,75,nuageux,8000,3,Modéré,3.15,8.03,2.16,101.28,106.18,3.97
Marrakech,2026-05-08 20:40:07,31.6315,-8.0083,20.04,19.38,20.04,20.04,49,1012,6.17,290,0,ciel dégagé,10000,2,Correct,2.23,8.29,2.01,94.9,104.79,1.0
Fes,2026-05-08 20:40:09,34.0372,-4.9998,21.14,20.77,21.14,21.14,56,1009,3.09,310,75,nuageux,10000,2,Correct,5.29,10.76,1.12,88.39,99.37,0.82
Casablanca,2026-05-08 21:40:12,33.5928,-7.6192,18.07,17.68,17.96,18.19,67,1012,3.09,290,100,couvert,10000,3,Modéré,1.38,6.21,0.7,102.04,108.71,1.22
Rabat,2026-05-08 21:40:14,33.9911,-6.8401,18.04,17.68,18.04,18.04,68,1012,2.06,250,75,nuageux,8000,2,Correct,2.6,7.57,2.0,99.64,106.93,3.66
Marrakech,2026-05-08 21:40:17,31.6315,-8.0083,18.04,17.34,18.04,18.04,55,1013,5.66,310,40,partiellement nuageux,10000,2,Correct,2.15,8.4,2.41,90.71,105.92,0.9
Fes,2026-05-08 21:40:20,34.0372,-4.9998,18.14,17.76,18.14,18.14,67,1011,5.14,310,40,partiellement nuageux,10000,2,Correct,5.63,10.92,1.29,86.33,100.25,0.93
Casablanca,2026-05-08 22:40:22,33.5928,-7.6192,17.02,16.53,16.85,17.19,67,1012,2.06,260,100,couvert,10000,3,Modéré,1.49,7.0,0.66,101.1,108.65,1.04
Rabat,2026-05-08 22:40:24,33.9911,-6.8401,17.04,16.81,17.04,17.04,77,1012,2.06,240,75,nuageux,8000,2,Correct,2.26,7.5,1.79,97.23,105.92,3.23
Marrakech,2026-05-08 22:40:26,31.6315,-8.0083,17.04,16.24,17.04,17.04,55,1014,4.12,280,40,partiellement nuageux,10000,2,Correct,2.11,8.57,2.6,86.9,104.68,0.85
Fes,2026-05-08 22:40:28,34.0372,-4.9998,17.14,16.79,17.14,17.14,72,1011,5.14,280,40,partiellement nuageux,10000,2,Correct,5.82,10.78,1.4,82.69,99.23,0.97
Casablanca,2026-05-08 23:40:30,33.5928,-7.6192,17.96,17.35,17.96,18.19,59,1012,1.03,0,100,couvert,10000,3,Modéré,1.59,7.78,0.59,101.18,109.0,0.86
Rabat,2026-05-08 23:40:31,33.9911,-6.8401,17.04,16.81,17.04,17.04,77,1012,1.54,220,75,nuageux,8000,2,Correct,2.15,8.06,1.55,96.57,106.21,2.75
Marrakech,2026-05-08 23:40:33,31.6315,-8.0083,16.04,15.03,16.04,16.04,51,1014,3.6,260,75,nuageux,10000,2,Correct,2.11,8.86,2.58,85.21,104.72,0.76
Fes,2026-05-08 23:40:35,34.0372,-4.9998,16.14,15.82,16.14,16.14,77,1012,4.12,270,20,peu nuageux,10000,2,Correct,6.07,10.84,1.39,81.05,99.6,0.98
Casablanca,2026-05-09 01:06:20,33.5928,-7.6192,17.59,16.95,16.12,17.96,59,1012,1.54,200,100,couvert,10000,3,Modéré,1.67,8.36,0.49,101.25,109.35,0.68
Rabat,2026-05-09 01:06:22,33.9911,-6.8401,16.04,15.84,16.04,16.04,82,1012,2.06,190,75,nuageux,8000,2,Correct,2.13,8.97,1.2,96.47,106.7,2.2
Marrakech,2026-05-09 01:06:24,31.6315,-8.0083,15.04,14.11,15.04,15.04,58,1014,1.54,220,75,nuageux,10000,2,Correct,2.09,8.97,2.21,84.94,104.67,0.65
Fes,2026-05-09 01:06:26,34.0372,-4.9998,16.14,15.56,16.14,16.14,67,1012,4.12,260,40,partiellement nuageux,10000,2,Correct,6.39,11.06,1.22,80.41,100.06,1.0
Casablanca,2026-05-09 13:04:50,33.5928,-7.6192,23.19,22.61,23.19,24.12,40,1013,4.63,270,75,nuageux,6000,3,Modéré,1.0,3.47,0.17,103.15,108.59,0.43
Rabat,2026-05-09 13:04:52,33.9911,-6.8401,23.04,22.78,23.04,23.04,53,1013,5.66,240,40,partiellement nuageux,6000,3,Modéré,1.13,4.16,0.28,100.51,105.59,0.69
Marrakech,2026-05-09 13:04:53,31.6315,-8.0083,24.04,23.41,24.04,24.04,35,1013,5.14,280,40,partiellement nuageux,10000,2,Correct,1.11,4.72,0.18,93.98,100.32,0.21
Fes,2026-05-09 13:04:55,34.0372,-4.9998,22.14,21.53,22.14,22.14,43,1013,4.12,290,40,partiellement nuageux,10000,2,Correct,0.73,2.28,0.12,94.44,94.47,0.12
Casablanca,2026-05-09 14:04:59,33.5928,-7.6192,23.19,22.84,23.19,25.12,49,1013,4.12,310,75,nuageux,6000,3,Modéré,1.02,3.53,0.17,104.46,109.63,0.43
Rabat,2026-05-09 14:05:01,33.9911,-6.8401,22.04,21.87,22.04,22.04,60,1013,6.17,250,40,partiellement nuageux,6000,3,Modéré,1.09,3.88,0.28,102.26,106.48,0.71
Marrakech,2026-05-09 14:05:04,31.6315,-8.0083,25.04,24.46,25.04,25.04,33,1013,6.69,270,40,partiellement nuageux,10000,2,Correct,1.12,4.52,0.17,95.17,101.83,0.22
Fes,2026-05-09 14:05:06,34.0372,-4.9998,24.14,23.42,24.14,24.14,31,1012,6.69,280,40,partiellement nuageux,10000,2,Correct,0.68,2.21,0.11,94.38,94.6,0.1
Casablanca,2026-05-09 15:05:09,33.5928,-7.6192,21.19,20.93,21.19,26.12,60,1013,7.72,300,75,poussière,4000,3,Modéré,1.0,3.39,0.17,103.92,108.75,0.4
Rabat,2026-05-09 15:05:11,33.9911,-6.8401,22.04,21.87,22.04,22.04,60,1013,5.66,250,40,partiellement nuageux,6000,3,Modéré,1.05,3.8,0.27,102.54,105.93,0.65
Marrakech,2026-05-09 15:05:14,31.6315,-8.0083,24.04,23.62,24.04,24.04,43,1012,5.66,300,40,partiellement nuageux,10000,2,Correct,0.98,3.83,0.15,95.89,102.35,0.2
Fes,2026-05-09 15:05:17,34.0372,-4.9998,25.14,24.47,25.14,25.14,29,1012,6.17,270,40,partiellement nuageux,10000,2,Correct,0.77,2.77,0.11,94.44,93.73,0.1
Casablanca,2026-05-09 21:56:40,33.5928,-7.6192,18.07,17.94,17.96,18.19,77,1016,3.09,290,2,ciel dégagé,10000,2,Correct,2.38,9.58,0.63,96.01,113.87,0.95
Rabat,2026-05-09 21:56:43,33.9911,-6.8401,17.04,17.25,17.04,17.04,94,1016,2.57,230,40,partiellement nuageux,6000,2,Correct,2.19,8.62,1.23,95.97,112.02,2.16
Marrakech,2026-05-09 21:56:45,31.6315,-8.0083,19.04,18.44,19.04,19.04,55,1017,4.63,280,40,partiellement nuageux,10000,2,Correct,1.55,6.29,1.57,86.53,108.27,0.41
Fes,2026-05-09 21:56:48,34.0372,-4.9998,17.14,16.79,17.14,17.14,72,1017,2.57,310,75,nuageux,10000,2,Correct,1.15,3.95,0.95,74.92,95.97,0.17
Casablanca,2026-05-09 22:56:52,33.5928,-7.6192,18.07,17.81,17.12,18.19,72,1017,3.09,280,6,ciel dégagé,10000,2,Correct,2.51,10.25,0.67,93.1,112.89,0.87
Rabat,2026-05-09 22:56:55,33.9911,-6.8401,17.04,17.25,17.04,17.04,94,1017,2.06,220,40,partiellement nuageux,6000,2,Correct,2.4,9.36,1.32,92.44,111.43,2.15
Marrakech,2026-05-09 22:56:57,31.6315,-8.0083,17.04,16.44,17.04,17.04,63,1017,3.6,280,40,partiellement nuageux,10000,2,Correct,1.72,7.06,1.87,81.33,108.01,0.42
Fes,2026-05-09 22:57:00,34.0372,-4.9998,16.14,15.82,16.14,16.14,77,1018,2.57,310,40,partiellement nuageux,10000,2,Correct,1.15,3.89,1.11,70.7,95.56,0.16
Casablanca,2026-05-09 23:57:02,33.5928,-7.6192,18.07,17.81,16.12,18.19,72,1017,2.57,260,10,ciel dégagé,10000,2,Correct,2.72,11.22,0.71,90.71,113.57,0.74
Rabat,2026-05-09 23:57:04,33.9911,-6.8401,17.04,17.25,17.04,17.04,94,1017,2.06,220,40,partiellement nuageux,6000,2,Correct,2.62,10.24,1.36,90.03,111.98,2.0
Marrakech,2026-05-09 23:57:06,31.6315,-8.0083,16.04,15.34,16.04,16.04,63,1018,2.57,270,40,partiellement nuageux,10000,2,Correct,1.87,7.74,2.08,76.02,108.25,0.37
Fes,2026-05-09 23:57:08,34.0372,-4.9998,16.14,15.95,16.14,16.14,82,1018,2.06,300,75,nuageux,10000,2,Correct,1.13,3.71,1.21,67.93,95.85,0.14
Casablanca,2026-05-10 00:57:11,33.5928,-7.6192,17.02,16.92,15.12,17.19,82,1017,2.06,260,23,peu nuageux,10000,2,Correct,2.97,12.46,0.7,88.76,114.53,0.6
Rabat,2026-05-10 00:57:13,33.9911,-6.8401,17.04,17.25,17.04,17.04,94,1017,2.57,210,40,partiellement nuageux,6000,2,Correct,2.84,11.22,1.27,88.03,112.35,1.79
Marrakech,2026-05-10 00:57:15,31.6315,-8.0083,16.04,15.34,16.04,16.04,63,1017,1.54,250,20,peu nuageux,10000,2,Correct,1.97,8.25,2.04,72.17,108.31,0.32
Fes,2026-05-10 00:57:18,34.0372,-4.9998,16.14,15.95,16.14,16.14,82,1017,2.57,300,75,nuageux,10000,2,Correct,1.07,3.42,1.21,65.76,96.29,0.13
Casablanca,2026-05-10 14:06:34,33.5928,-7.6192,21.19,20.83,21.19,25.12,56,1016,4.63,310,75,nuageux,8000,2,Correct,1.67,7.0,0.2,93.32,103.91,0.92
Rabat,2026-05-10 14:06:36,33.9911,-6.8401,21.04,20.66,21.04,21.04,56,1016,3.6,250,75,nuageux,6000,2,Correct,2.75,11.16,0.33,95.17,103.68,1.55
Marrakech,2026-05-10 14:06:38,31.6315,-8.0083,23.04,22.6,23.04,23.04,46,1015,2.57,0,0,ciel dégagé,10000,3,Modéré,1.92,6.89,0.23,118.37,105.63,0.38
Fes,2026-05-10 14:06:41,34.0372,-4.9998,23.14,22.71,23.14,23.14,46,1015,3.6,310,75,nuageux,10000,2,Correct,1.64,5.35,0.13,95.53,100.35,0.22
Casablanca,2026-05-10 15:17:58,33.5928,-7.6192,20.18,19.82,20.18,21.19,60,1016,4.92,320,75,nuageux,8000,2,Correct,1.35,5.45,0.2,93.18,101.94,0.98
Rabat,2026-05-10 15:18:01,33.9911,-6.8401,22.04,21.76,22.04,22.04,56,1016,4.12,290,75,nuageux,6000,2,Correct,2.14,8.24,0.35,95.3,101.8,1.64
Marrakech,2026-05-10 15:18:03,31.6315,-8.0083,25.04,24.67,25.04,25.04,41,1015,2.57,0,0,ciel dégagé,10000,3,Modéré,2.18,7.21,0.23,121.17,105.44,0.55
Fes,2026-05-10 15:18:06,34.0372,-4.9998,23.14,22.71,23.14,23.14,46,1015,3.6,0,75,nuageux,10000,2,Correct,1.8,5.81,0.13,93.88,99.3,0.2
Casablanca,2026-05-10 16:18:08,33.5928,-7.6192,20.96,20.68,20.74,23.12,60,1016,4.63,320,75,nuageux,8000,2,Correct,1.26,5.06,0.22,92.59,100.99,1.05
Rabat,2026-05-10 16:18:09,33.9911,-6.8401,21.04,20.77,21.04,21.04,60,1016,3.6,270,75,nuageux,6000,2,Correct,1.92,7.04,0.39,95.44,100.57,1.76
Marrakech,2026-05-10 16:18:11,31.6315,-8.0083,26.04,26.04,26.04,26.04,36,1013,3.6,320,0,ciel dégagé,10000,3,Modéré,2.58,8.73,0.24,119.06,104.14,0.65
Fes,2026-05-10 16:18:13,34.0372,-4.9998,23.14,22.79,23.14,23.14,49,1014,3.09,320,75,nuageux,10000,2,Correct,1.85,5.97,0.14,92.23,98.01,0.19
Casablanca,2026-05-10 17:18:17,33.5928,-7.6192,20.18,19.92,20.18,20.19,64,1016,4.63,330,75,nuageux,8000,2,Correct,1.26,5.06,0.27,92.19,101.04,1.21
Rabat,2026-05-10 17:18:21,33.9911,-6.8401,21.04,20.87,21.04,21.04,64,1016,4.12,290,40,partiellement nuageux,6000,2,Correct,1.76,6.17,0.54,96.01,100.81,2.01
Marrakech,2026-05-10 17:18:26,31.6315,-8.0083,25.04,24.59,25.04,25.04,38,1013,3.09,320,0,ciel dégagé,10000,3,Modéré,3.2,11.18,0.31,115.01,104.32,0.82
Fes,2026-05-10 17:18:29,34.0372,-4.9998,24.14,23.73,24.14,24.14,43,1013,4.63,330,75,nuageux,10000,2,Correct,2.15,7.29,0.21,89.31,97.25,0.19
Casablanca,2026-05-10 18:18:32,33.5928,-7.6192,20.19,19.94,20.18,21.12,64,1016,4.12,330,75,nuageux,8000,2,Correct,1.29,5.29,0.36,91.32,101.31,1.39
Rabat,2026-05-10 18:18:34,33.9911,-6.8401,20.04,20.01,20.04,20.04,73,1016,2.57,300,40,partiellement nuageux,6000,2,Correct,1.65,5.62,0.79,94.68,100.85,2.32
Marrakech,2026-05-10 18:18:36,31.6315,-8.0083,26.04,26.04,26.04,26.04,36,1013,3.09,320,0,ciel dégagé,10000,3,Modéré,3.84,13.77,0.41,108.54,105.16,1.0
Fes,2026-05-10 18:18:37,34.0372,-4.9998,22.14,21.61,22.14,22.14,46,1014,4.12,340,75,nuageux,10000,2,Correct,2.14,6.84,0.34,86.9,96.43,0.21
Casablanca,2026-05-10 19:51:27,33.5928,-7.6192,19.13,18.98,19.07,20.12,72,1017,3.6,330,40,partiellement nuageux,8000,2,Correct,1.22,5.42,0.65,87.83,102.2,1.61
Rabat,2026-05-10 19:51:29,33.9911,-6.8401,18.04,18.04,18.04,18.04,82,1017,3.09,280,40,partiellement nuageux,6000,2,Correct,1.48,5.07,1.53,88.33,101.27,2.58
Marrakech,2026-05-10 19:51:31,31.6315,-8.0083,24.04,23.57,24.04,24.04,41,1014,3.6,320,0,ciel dégagé,10000,2,Correct,3.86,14.62,0.83,96.7,104.32,1.01
Fes,2026-05-10 19:51:33,34.0372,-4.9998,20.14,19.65,20.14,20.14,55,1016,2.06,310,75,nuageux,10000,2,Correct,2.37,7.07,0.86,79.19,94.49,0.35
Casablanca,2026-05-10 20:51:35,33.5928,-7.6192,19.13,18.98,19.07,19.19,72,1017,4.12,320,75,nuageux,8000,2,Correct,1.24,5.74,0.82,85.72,103.43,1.76
Rabat,2026-05-10 20:51:37,33.9911,-6.8401,18.04,18.2,18.04,18.04,88,1017,1.54,280,40,partiellement nuageux,6000,2,Correct,1.48,5.1,1.93,84.78,102.98,2.54
Marrakech,2026-05-10 20:51:38,31.6315,-8.0083,21.04,20.56,21.04,21.04,52,1016,5.66,310,0,ciel dégagé,10000,2,Correct,3.92,15.04,1.14,91.3,104.98,1.0
Fes,2026-05-10 20:51:41,34.0372,-4.9998,19.14,18.65,19.14,19.14,59,1017,3.09,330,75,nuageux,10000,2,Correct,2.49,6.96,1.22,73.18,94.68,0.41
Casablanca,2026-05-10 21:51:43,33.5928,-7.6192,18.07,17.94,17.96,18.19,77,1017,1.54,350,100,couvert,10000,2,Correct,1.3,6.13,0.94,84.04,104.94,1.94
Rabat,2026-05-10 21:51:45,33.9911,-6.8401,17.04,17.1,17.04,17.04,88,1017,1.54,280,40,partiellement nuageux,6000,2,Correct,1.52,5.18,2.17,82.23,104.81,2.53
Marrakech,2026-05-10 21:51:48,31.6315,-8.0083,19.04,18.44,19.04,19.04,55,1017,5.14,280,0,ciel dégagé,10000,2,Correct,3.94,15.37,1.31,87.9,105.55,0.94
Fes,2026-05-10 21:51:50,34.0372,-4.9998,17.14,16.55,17.14,17.14,63,1017,2.06,330,75,nuageux,10000,2,Correct,2.6,6.84,1.49,68.66,94.94,0.43
Casablanca,2026-05-10 23:05:09,33.5928,-7.6192,18.07,17.94,17.96,18.19,77,1017,0.51,0,100,couvert,10000,2,Correct,1.42,6.54,1.25,77.01,104.99,1.47
Rabat,2026-05-10 23:05:10,33.9911,-6.8401,14.04,13.95,14.04,14.04,94,1017,0.0,0,100,couvert,6000,2,Correct,1.61,5.31,2.33,79.11,104.98,2.53
Marrakech,2026-05-10 23:05:12,31.6315,-8.0083,17.04,16.44,17.04,17.04,63,1018,3.09,280,0,ciel dégagé,10000,2,Correct,4.0,15.45,1.64,81.99,104.85,0.82
Fes,2026-05-10 23:05:14,34.0372,-4.9998,16.14,15.69,16.14,16.14,72,1018,4.12,300,75,nuageux,10000,2,Correct,2.64,6.63,1.72,62.91,94.05,0.36
Casablanca,2026-05-11 00:05:16,33.5928,-7.6192,17.96,17.82,17.96,18.19,77,1017,1.54,330,100,couvert,10000,2,Correct,1.6,7.32,1.62,68.71,106.26,0.85
Rabat,2026-05-11 00:05:19,33.9911,-6.8401,13.04,13.01,13.04,13.04,100,1017,0.0,0,100,couvert,6000,2,Correct,1.81,5.72,2.42,76.97,106.19,2.51
Marrakech,2026-05-11 00:05:21,31.6315,-8.0083,17.04,16.55,17.04,17.04,67,1017,3.09,310,0,ciel dégagé,10000,2,Correct,4.14,15.69,2.02,77.26,105.29,0.71
Fes,2026-05-11 00:05:23,34.0372,-4.9998,14.14,13.91,14.14,14.14,88,1017,3.09,260,75,nuageux,10000,1,Bon,2.69,6.51,1.85,57.44,94.12,0.26
Casablanca,2026-05-11 16:28:47,33.5928,-7.6192,20.18,19.72,20.18,20.19,56,1016,4.63,360,0,ciel dégagé,10000,2,Correct,4.1,10.77,0.34,98.15,99.26,3.3
Rabat,2026-05-11 16:28:49,33.9911,-6.8401,21.04,20.77,21.04,21.04,60,1016,4.63,310,20,peu nuageux,5000,3,Modéré,5.87,12.01,0.53,104.31,98.86,3.87
Marrakech,2026-05-11 16:28:52,31.6315,-8.0083,27.04,26.7,27.04,27.04,36,1013,3.09,0,20,peu nuageux,10000,3,Modéré,2.71,8.55,0.24,105.6,94.51,0.54
Fes,2026-05-11 16:28:54,34.0372,-4.9998,26.14,26.14,26.14,26.14,36,1014,3.6,10,20,peu nuageux,10000,2,Correct,3.16,6.93,0.18,88.08,88.64,0.35
Casablanca,2026-05-11 19:16:38,33.5928,-7.6192,20.19,19.62,20.18,21.12,52,1017,2.57,30,0,ciel dégagé,10000,2,Correct,1.93,5.55,0.66,98.08,103.72,3.28
Rabat,2026-05-11 19:16:41,33.9911,-6.8401,19.04,18.64,19.04,19.04,63,1017,3.09,300,3,ciel dégagé,6000,3,Modéré,4.6,8.68,1.27,106.59,104.26,4.7
Marrakech,2026-05-11 19:16:43,31.6315,-8.0083,26.04,26.04,26.04,26.04,38,1014,6.17,310,20,peu nuageux,10000,2,Correct,3.99,14.67,0.49,97.05,101.6,0.81
Fes,2026-05-11 19:16:45,34.0372,-4.9998,24.14,23.81,24.14,24.14,46,1013,3.6,30,0,ciel dégagé,10000,2,Correct,3.35,6.88,0.59,84.82,90.03,0.36
Casablanca,2026-05-11 20:16:47,33.5928,-7.6192,19.13,18.64,19.07,20.12,59,1018,1.54,0,0,ciel dégagé,10000,2,Correct,1.72,5.63,1.02,94.49,104.47,3.31
Rabat,2026-05-11 20:16:49,33.9911,-6.8401,18.04,17.68,18.04,18.04,68,1017,2.06,320,14,peu nuageux,6000,3,Modéré,4.17,7.95,2.02,101.79,105.5,4.64
Marrakech,2026-05-11 20:16:51,31.6315,-8.0083,23.04,22.52,23.04,23.04,43,1017,5.14,310,20,peu nuageux,10000,2,Correct,3.53,13.69,0.74,96.0,100.56,0.9
Fes,2026-05-11 20:16:53,34.0372,-4.9998,21.14,20.77,21.14,21.14,56,1015,2.57,30,0,ciel dégagé,10000,2,Correct,3.75,7.28,0.98,80.96,90.13,0.46
Casablanca,2026-05-11 21:28:14,33.5928,-7.6192,18.07,17.58,17.96,18.19,63,1019,1.54,10,2,ciel dégagé,10000,2,Correct,1.67,6.21,1.4,90.69,106.59,3.29
Rabat,2026-05-11 21:28:16,33.9911,-6.8401,17.04,16.68,17.04,17.04,72,1018,1.54,300,36,partiellement nuageux,6000,2,Correct,3.81,7.62,2.78,96.8,108.2,4.48
Marrakech,2026-05-11 21:28:18,31.6315,-8.0083,21.04,20.4,21.04,21.04,46,1018,5.14,300,20,peu nuageux,10000,2,Correct,3.22,13.16,1.01,95.64,101.25,1.04
Fes,2026-05-11 21:28:19,34.0372,-4.9998,18.14,17.76,18.14,18.14,67,1017,6.17,320,0,ciel dégagé,10000,2,Correct,4.19,7.66,1.35,76.42,90.86,0.56
Casablanca,2026-05-11 22:41:35,33.5928,-7.6192,17.02,16.53,16.85,17.19,67,1020,1.54,330,1,ciel dégagé,10000,2,Correct,1.81,7.52,1.85,81.25,109.17,2.53
Rabat,2026-05-11 22:41:37,33.9911,-6.8401,13.04,12.7,13.04,13.04,88,1019,0.0,0,19,peu nuageux,6000,2,Correct,3.3,7.53,3.45,87.56,111.19,3.9
Marrakech,2026-05-11 22:41:39,31.6315,-8.0083,20.04,19.27,20.04,20.04,45,1020,4.63,300,20,peu nuageux,10000,2,Correct,3.0,13.17,1.46,88.78,101.0,1.04
Fes,2026-05-11 22:41:41,34.0372,-4.9998,16.14,15.82,16.14,16.14,77,1019,4.12,280,0,ciel dégagé,10000,2,Correct,4.71,7.92,1.77,68.39,91.5,0.55
Casablanca,2026-05-11 23:44:17,33.5928,-7.6192,17.02,16.53,16.85,17.19,67,1020,2.06,330,1,ciel dégagé,10000,2,Correct,1.99,8.35,2.18,73.71,110.83,1.57
Rabat,2026-05-11 23:44:19,33.9911,-6.8401,12.04,11.75,12.04,12.04,94,1020,0.0,0,40,partiellement nuageux,6000,2,Correct,3.25,7.86,3.67,82.83,112.59,3.29
Marrakech,2026-05-11 23:44:21,31.6315,-8.0083,18.04,17.15,18.04,18.04,48,1020,3.09,270,20,peu nuageux,10000,2,Correct,3.14,13.63,1.9,82.6,101.62,0.92
Fes,2026-05-11 23:44:23,34.0372,-4.9998,15.14,15.01,15.14,15.14,88,1020,2.57,300,0,ciel dégagé,10000,2,Correct,4.83,7.95,1.77,65.51,92.29,0.44
Casablanca,2026-05-12 00:44:25,33.5928,-7.6192,16.85,16.34,16.85,17.19,67,1020,1.03,0,1,ciel dégagé,10000,2,Correct,2.17,9.28,2.24,68.19,112.23,1.05
Rabat,2026-05-12 00:44:28,33.9911,-6.8401,11.04,10.81,11.04,11.04,100,1020,0.0,0,40,partiellement nuageux,6000,2,Correct,3.21,8.3,3.51,78.96,113.34,2.8
Marrakech,2026-05-12 00:44:30,31.6315,-8.0083,17.04,16.24,17.04,17.04,55,1020,3.09,290,0,ciel dégagé,10000,2,Correct,3.29,14.26,2.0,78.15,102.23,0.83
Fes,2026-05-12 00:44:32,34.0372,-4.9998,14.14,14.06,14.14,14.14,94,1020,2.57,250,0,ciel dégagé,10000,2,Correct,4.89,8.0,1.56,64.99,93.15,0.4
Casablanca,2026-05-12 12:34:09,33.5928,-7.6192,22.02,21.66,21.85,24.12,53,1021,3.09,320,40,partiellement nuageux,10000,2,Correct,1.94,8.57,0.21,94.6,103.27,0.89
Rabat,2026-05-12 12:34:11,33.9911,-6.8401,21.04,20.77,21.04,21.04,60,1022,4.12,280,1,ciel dégagé,8000,2,Correct,3.28,9.46,0.43,98.5,102.55,2.67
Marrakech,2026-05-12 12:34:13,31.6315,-8.0083,21.04,20.56,21.04,21.04,52,1019,2.57,0,75,nuageux,10000,3,Modéré,4.48,16.14,0.46,100.24,100.35,0.62
Fes,2026-05-12 12:34:15,34.0372,-4.9998,20.14,19.46,20.14,20.14,48,1021,3.6,320,75,nuageux,10000,2,Correct,4.31,8.3,0.16,86.92,94.03,1.13
Casablanca,2026-05-12 13:34:17,33.5928,-7.6192,20.74,20.33,20.74,21.19,56,1021,4.12,330,40,partiellement nuageux,10000,2,Correct,2.13,8.54,0.23,97.33,103.87,1.34
Rabat,2026-05-12 13:34:20,33.9911,-6.8401,22.04,21.76,22.04,22.04,56,1021,3.6,270,6,ciel dégagé,8000,3,Modéré,3.4,8.97,0.41,102.23,102.62,2.7
Marrakech,2026-05-12 13:34:22,31.6315,-8.0083,23.04,22.52,23.04,23.04,43,1018,1.54,0,75,nuageux,10000,3,Modéré,2.79,9.21,0.28,106.85,98.46,0.53
Fes,2026-05-12 13:34:24,34.0372,-4.9998,23.14,22.63,23.14,23.14,43,1020,4.12,290,75,nuageux,10000,2,Correct,3.37,6.88,0.12,90.09,93.46,0.83
Casablanca,2026-05-12 15:51:15,33.5928,-7.6192,21.85,21.29,21.85,22.19,46,1020,3.09,350,0,ciel dégagé,10000,3,Modéré,2.53,7.6,0.34,102.17,101.54,2.61
Rabat,2026-05-12 15:51:18,33.9911,-6.8401,22.04,21.68,22.04,22.04,53,1021,4.12,290,20,peu nuageux,8000,3,Modéré,3.59,7.86,0.49,107.03,100.51,3.04
Marrakech,2026-05-12 15:51:22,31.6315,-8.0083,25.04,24.46,25.04,25.04,33,1017,2.57,40,40,partiellement nuageux,10000,3,Modéré,2.38,7.14,0.3,107.52,96.0,0.63
Fes,2026-05-12 15:51:25,34.0372,-4.9998,25.14,24.52,25.14,25.14,31,1018,5.66,300,75,nuageux,10000,2,Correct,2.47,4.96,0.14,91.91,90.69,0.59
Casablanca,2026-05-12 21:59:12,33.5928,-7.6192,18.07,17.81,17.12,18.19,72,1022,2.57,50,0,ciel dégagé,10000,2,Correct,2.32,8.01,2.04,99.64,108.8,6.08
Rabat,2026-05-12 21:59:14,33.9911,-6.8401,17.04,16.81,17.04,17.04,77,1022,1.54,360,0,ciel dégagé,6000,2,Correct,3.96,7.92,2.96,99.62,110.11,4.76
Marrakech,2026-05-12 21:59:17,31.6315,-8.0083,22.04,21.5,22.04,22.04,46,1020,6.17,360,40,partiellement nuageux,10000,2,Correct,3.4,12.77,1.75,89.03,101.82,1.29
Fes,2026-05-12 21:59:19,34.0372,-4.9998,17.14,16.55,17.14,17.14,63,1022,3.09,320,20,peu nuageux,10000,2,Correct,3.64,5.64,2.02,73.72,93.19,0.87
Casablanca,2026-05-13 14:40:27,33.5928,-7.6192,20.74,20.33,20.74,21.19,56,1019,3.6,40,20,peu nuageux,10000,3,Modéré,6.57,12.61,0.45,115.2,99.9,5.58
Rabat,2026-05-13 14:40:29,33.9911,-6.8401,21.04,20.66,21.04,21.04,56,1019,5.14,340,3,ciel dégagé,7000,3,Modéré,6.06,10.6,0.54,112.95,100.86,4.15
Marrakech,2026-05-13 14:40:31,31.6315,-8.0083,27.04,26.61,27.04,27.04,34,1016,2.57,0,40,partiellement nuageux,10000,3,Modéré,3.6,11.05,0.33,114.36,95.36,0.65
Fes,2026-05-13 14:40:33,34.0372,-4.9998,24.14,23.34,24.14,24.14,28,1017,2.57,0,20,peu nuageux,10000,3,Modéré,3.71,6.69,0.18,100.29,91.26,0.69
Casablanca,2026-05-13 15:40:35,33.5928,-7.6192,20.74,20.44,20.74,21.19,60,1019,3.09,40,20,peu nuageux,10000,3,Modéré,6.53,12.24,0.49,115.26,98.79,5.63
Rabat,2026-05-13 15:40:37,33.9911,-6.8401,21.04,20.77,21.04,21.04,60,1019,4.63,330,3,ciel dégagé,7000,3,Modéré,6.0,10.31,0.58,112.49,100.21,4.16
Marrakech,2026-05-13 15:40:39,31.6315,-8.0083,28.04,27.22,28.04,28.04,32,1015,2.06,0,40,partiellement nuageux,10000,3,Modéré,3.71,11.29,0.35,114.7,95.22,0.74
Fes,2026-05-13 15:40:41,34.0372,-4.9998,25.14,24.52,25.14,25.14,31,1016,3.6,360,20,peu nuageux,10000,3,Modéré,3.52,6.29,0.2,100.9,90.65,0.65
Casablanca,2026-05-13 21:46:49,33.5928,-7.6192,18.07,17.81,17.96,18.19,72,1019,2.57,60,2,ciel dégagé,10000,2,Correct,3.34,9.14,2.34,90.1,107.24,5.39
Rabat,2026-05-13 21:46:55,33.9911,-6.8401,16.04,16.0,16.04,16.04,88,1018,2.57,10,3,ciel dégagé,7000,2,Correct,2.81,6.8,2.74,87.47,107.16,3.98
Marrakech,2026-05-13 21:47:01,31.6315,-8.0083,22.04,21.5,22.04,22.04,46,1016,5.66,20,40,partiellement nuageux,10000,2,Correct,6.05,13.91,2.46,96.1,102.19,1.33
Fes,2026-05-13 21:47:08,34.0372,-4.9998,18.14,17.65,18.14,18.14,63,1018,3.6,310,0,ciel dégagé,10000,2,Correct,3.18,6.12,2.34,83.58,93.51,0.87
Casablanca,2026-05-13 22:47:11,33.5928,-7.6192,18.07,17.81,17.12,18.19,72,1018,2.57,70,1,ciel dégagé,10000,2,Correct,3.17,9.15,2.39,86.1,107.12,4.75
Rabat,2026-05-13 22:47:13,33.9911,-6.8401,14.04,13.8,14.04,14.04,88,1018,1.54,40,3,ciel dégagé,7000,2,Correct,2.6,6.66,2.87,82.9,106.83,3.78
Marrakech,2026-05-13 22:47:15,31.6315,-8.0083,20.04,19.46,20.04,20.04,52,1017,3.6,40,40,partiellement nuageux,10000,2,Correct,5.84,13.32,2.35,92.06,101.62,1.12
Fes,2026-05-13 22:47:17,34.0372,-4.9998,16.14,15.69,16.14,16.14,72,1018,3.09,240,0,ciel dégagé,10000,2,Correct,3.2,6.08,2.67,79.86,93.33,0.84
Casablanca,2026-05-14 19:19:40,33.5928,-7.6192,19.13,18.74,19.07,20.12,63,1015,2.57,340,40,partiellement nuageux,8000,3,Modéré,1.7,4.98,0.75,103.29,105.31,2.82
Rabat,2026-05-14 19:19:42,33.9911,-6.8401,19.04,18.64,19.04,19.04,63,1014,3.09,270,75,nuageux,7000,3,Modéré,2.76,6.51,1.27,104.21,105.26,2.94
Marrakech,2026-05-14 19:19:44,31.6315,-8.0083,21.04,20.56,21.04,21.04,52,1012,2.57,230,75,nuageux,10000,2,Correct,4.22,11.77,0.55,98.09,98.2,1.29
Fes,2026-05-14 19:19:46,34.0372,-4.9998,21.14,20.67,21.14,21.14,52,1012,5.66,310,40,partiellement nuageux,10000,2,Correct,3.58,6.1,0.9,86.1,93.74,0.94
Casablanca,2026-05-14 20:19:48,33.5928,-7.6192,18.07,17.58,17.96,19.12,63,1015,3.09,340,40,partiellement nuageux,8000,3,Modéré,1.69,5.29,1.01,100.97,105.71,2.87
Rabat,2026-05-14 20:19:50,33.9911,-6.8401,18.04,17.68,18.04,18.04,68,1015,2.57,280,75,nuageux,7000,3,Modéré,2.59,6.37,1.6,102.1,105.78,2.86
Marrakech,2026-05-14 20:19:52,31.6315,-8.0083,21.04,20.48,21.04,21.04,49,1013,2.57,250,75,nuageux,10000,2,Correct,3.76,10.64,0.9,93.91,98.6,1.18
Fes,2026-05-14 20:19:54,34.0372,-4.9998,19.14,18.65,19.14,19.14,59,1013,6.17,310,40,partiellement nuageux,10000,2,Correct,3.26,5.24,1.13,83.33,93.38,1.05
Casablanca,2026-05-14 21:19:56,33.5928,-7.6192,18.07,17.58,17.12,18.19,63,1015,2.57,340,3,ciel dégagé,10000,2,Correct,1.77,5.9,1.27,99.69,107.84,3.07
Rabat,2026-05-14 21:19:59,33.9911,-6.8401,18.04,17.68,18.04,18.04,68,1015,3.6,280,75,nuageux,7000,3,Modéré,2.46,6.32,1.87,100.15,107.44,2.84
Marrakech,2026-05-14 21:20:01,31.6315,-8.0083,20.04,19.46,20.04,20.04,52,1015,3.09,240,75,nuageux,10000,2,Correct,3.28,9.62,1.26,89.86,99.96,1.02
Fes,2026-05-14 21:20:03,34.0372,-4.9998,17.14,16.79,17.14,17.14,72,1015,5.66,310,40,légère pluie,10000,2,Correct,3.03,4.63,1.3,80.82,94.21,1.08
Casablanca,2026-05-15 09:54:26,33.5928,-7.6192,15.96,15.88,15.74,17.12,87,1016,1.03,0,40,partiellement nuageux,6000,1,Bon,4.63,17.18,3.52,58.34,113.0,1.21
Rabat,2026-05-15 09:54:28,33.9911,-6.8401,19.04,19.01,19.04,19.04,77,1015,2.57,200,75,nuageux,5000,2,Correct,2.97,9.9,3.93,72.79,109.68,1.52
Marrakech,2026-05-15 09:54:30,31.6315,-8.0083,17.04,16.55,17.04,17.04,67,1015,3.09,20,75,nuageux,10000,2,Correct,1.56,5.37,3.14,73.22,104.96,0.51
Fes,2026-05-15 09:54:32,34.0372,-4.9998,18.14,17.55,18.14,18.14,59,1015,3.09,290,40,partiellement nuageux,10000,2,Correct,1.77,2.78,1.38,69.74,95.67,0.5
Casablanca,2026-05-15 10:54:35,33.5928,-7.6192,18.07,17.94,17.96,19.12,77,1016,1.54,0,40,partiellement nuageux,8000,2,Correct,4.11,12.66,1.4,96.05,107.02,6.43
Rabat,2026-05-15 10:54:37,33.9911,-6.8401,19.04,18.78,19.04,19.04,68,1016,3.09,230,75,nuageux,5000,2,Correct,2.49,7.19,1.1,96.94,105.42,2.38
Marrakech,2026-05-15 10:54:39,31.6315,-8.0083,18.04,17.44,18.04,18.04,59,1015,2.06,0,75,nuageux,10000,2,Correct,1.33,4.83,1.37,83.84,103.84,0.47
Fes,2026-05-15 10:54:42,34.0372,-4.9998,18.14,17.34,18.14,18.14,51,1015,5.14,310,75,nuageux,10000,2,Correct,0.95,1.6,0.32,87.01,93.6,0.31
Casablanca,2026-05-15 15:13:57,33.5928,-7.6192,20.19,19.73,20.18,21.12,56,1015,4.12,360,40,partiellement nuageux,10000,3,Modéré,2.24,5.15,0.5,104.63,103.21,2.94
Rabat,2026-05-15 15:13:59,33.9911,-6.8401,21.04,20.56,21.04,21.04,52,1015,4.12,290,40,partiellement nuageux,8000,3,Modéré,2.4,5.12,0.55,105.41,102.54,1.88
Marrakech,2026-05-15 15:14:01,31.6315,-8.0083,21.04,20.32,21.04,21.04,43,1013,2.57,80,40,partiellement nuageux,10000,3,Modéré,1.5,4.62,0.24,100.82,97.91,0.43
Fes,2026-05-15 15:14:04,34.0372,-4.9998,22.14,21.53,22.14,22.14,43,1013,6.17,290,75,nuageux,10000,2,Correct,1.48,2.79,0.28,89.01,92.55,0.79
Casablanca,2026-05-16 22:42:36,33.5928,-7.6192,17.02,16.79,16.12,17.19,77,1018,2.57,10,4,ciel dégagé,10000,2,Correct,4.79,16.03,2.0,91.57,108.43,5.07
Rabat,2026-05-16 22:42:44,33.9911,-6.8401,17.04,17.1,17.04,17.04,88,1018,1.54,310,75,nuageux,6000,2,Correct,4.83,12.0,2.25,91.25,107.77,2.67
Marrakech,2026-05-16 22:42:52,31.6315,-8.0083,18.04,17.54,18.04,18.04,63,1016,4.12,10,0,ciel dégagé,8000,2,Correct,3.49,12.21,1.91,81.41,101.09,0.55
Fes,2026-05-16 22:43:00,34.0372,-4.9998,15.14,15.16,15.14,15.14,94,1017,3.09,210,75,nuageux,10000,2,Correct,1.7,2.86,1.5,65.91,92.41,0.2
Casablanca,2026-05-16 23:43:08,33.5928,-7.6192,17.02,16.92,16.12,17.19,82,1018,2.57,20,4,ciel dégagé,10000,2,Correct,5.07,16.6,1.95,89.95,109.23,4.37
Rabat,2026-05-16 23:43:14,33.9911,-6.8401,17.04,17.1,17.04,17.04,88,1017,1.54,320,75,nuageux,6000,2,Correct,4.97,12.44,2.27,89.63,108.72,2.64
Marrakech,2026-05-16 23:43:21,31.6315,-8.0083,17.04,16.55,17.04,17.04,67,1016,3.6,30,1,ciel dégagé,8000,2,Correct,3.6,12.75,1.88,79.75,101.84,0.51
Fes,2026-05-16 23:43:28,34.0372,-4.9998,16.14,15.95,16.14,16.14,82,1018,4.12,300,75,nuageux,10000,2,Correct,1.8,3.02,1.65,62.15,92.28,0.19
Casablanca,2026-05-17 00:43:32,33.5928,-7.6192,17.02,16.92,16.12,17.19,82,1017,1.03,0,3,ciel dégagé,10000,2,Correct,5.26,16.92,1.78,89.01,110.02,3.55
Rabat,2026-05-17 00:43:35,33.9911,-6.8401,14.04,13.95,14.04,14.04,94,1017,0.0,0,40,partiellement nuageux,5000,2,Correct,5.1,12.71,2.19,88.13,109.44,2.64
Marrakech,2026-05-17 00:43:37,31.6315,-8.0083,16.04,15.58,16.04,16.04,72,1016,3.09,20,1,ciel dégagé,8000,2,Correct,3.6,12.94,1.59,79.72,102.6,0.45
Fes,2026-05-17 00:43:39,34.0372,-4.9998,14.14,14.06,14.14,14.14,94,1018,2.57,270,40,partiellement nuageux,10000,2,Correct,1.89,3.21,1.73,60.01,92.32,0.2
Casablanca,2026-05-17 13:02:33,33.5928,-7.6192,18.19,17.84,18.19,21.12,68,1019,3.09,10,75,nuageux,6000,3,Modéré,6.31,16.89,0.9,103.45,104.13,5.24
Rabat,2026-05-17 13:02:35,33.9911,-6.8401,21.04,20.87,21.04,21.04,64,1018,3.09,290,75,nuageux,5000,3,Modéré,6.97,16.34,0.93,102.67,103.55,3.29
Marrakech,2026-05-17 13:02:37,31.6315,-8.0083,21.04,20.66,21.04,21.04,56,1017,1.54,0,75,nuageux,8000,2,Correct,4.01,15.64,0.32,94.93,97.3,0.55
Fes,2026-05-17 13:02:41,34.0372,-4.9998,22.14,21.87,22.14,22.14,56,1017,3.6,310,40,partiellement nuageux,10000,2,Correct,1.86,3.14,0.15,89.49,89.87,0.29
Casablanca,2026-05-17 14:44:36,33.5928,-7.6192,19.13,18.87,19.07,20.12,68,1019,4.12,20,75,nuageux,6000,2,Correct,4.1,11.38,1.06,98.12,102.14,4.06
Rabat,2026-05-17 14:44:38,33.9911,-6.8401,20.04,19.88,20.04,20.04,68,1018,4.12,320,75,nuageux,5000,3,Modéré,4.99,11.38,0.93,101.28,102.0,2.52
Marrakech,2026-05-17 14:44:40,31.6315,-8.0083,22.04,21.58,22.04,22.04,49,1016,2.57,340,75,nuageux,10000,2,Correct,3.66,14.21,0.23,95.92,96.02,0.52
Fes,2026-05-17 14:44:42,34.0372,-4.9998,22.14,21.69,22.14,22.14,49,1016,3.09,340,40,partiellement nuageux,10000,2,Correct,1.6,2.62,0.14,92.35,88.95,0.21
Casablanca,2026-05-17 15:47:20,33.5928,-7.6192,19.19,18.81,19.19,21.12,63,1018,3.6,20,75,nuageux,8000,2,Correct,3.75,10.88,1.05,98.44,101.22,4.05
Rabat,2026-05-17 15:47:27,33.9911,-6.8401,19.04,18.88,19.04,19.04,72,1018,4.12,300,75,nuageux,5000,3,Modéré,4.63,10.69,0.94,101.35,101.03,2.43
Marrakech,2026-05-17 15:47:34,31.6315,-8.0083,23.04,22.6,23.04,23.04,46,1015,2.06,0,75,nuageux,10000,2,Correct,3.93,14.81,0.25,95.19,95.28,0.59
Fes,2026-05-17 15:47:41,34.0372,-4.9998,22.14,21.69,22.14,22.14,49,1016,5.14,340,75,nuageux,10000,2,Correct,1.69,2.79,0.17,91.75,88.66,0.23
Casablanca,2026-05-17 16:47:50,33.5928,-7.6192,19.19,18.81,19.19,21.12,63,1018,4.12,10,75,nuageux,8000,2,Correct,3.58,11.24,1.16,99.65,101.04,4.17
Rabat,2026-05-17 16:47:57,33.9911,-6.8401,20.04,19.88,20.04,20.04,68,1017,3.6,320,75,nuageux,5000,3,Modéré,4.44,10.94,1.21,101.89,101.07,2.56
Marrakech,2026-05-17 16:48:05,31.6315,-8.0083,24.04,23.62,24.04,24.04,43,1015,1.54,230,75,nuageux,10000,2,Correct,4.67,16.7,0.35,96.0,96.06,0.77
Fes,2026-05-17 16:48:12,34.0372,-4.9998,23.14,22.79,23.14,23.14,49,1016,4.12,320,75,nuageux,10000,2,Correct,1.96,3.27,0.28,90.33,89.55,0.29
Casablanca,2026-05-17 17:48:16,33.5928,-7.6192,19.19,18.81,19.19,20.12,63,1018,4.12,10,75,nuageux,8000,3,Modéré,3.56,12.23,1.39,100.86,101.35,4.46
Rabat,2026-05-17 17:48:18,33.9911,-6.8401,20.04,19.88,20.04,20.04,68,1017,3.6,310,75,nuageux,5000,3,Modéré,4.39,11.78,1.7,102.28,101.72,2.82
Marrakech,2026-05-17 17:48:20,31.6315,-8.0083,25.04,24.75,25.04,25.04,44,1014,2.57,290,75,nuageux,10000,2,Correct,5.58,18.97,0.52,96.72,96.85,0.96
Fes,2026-05-17 17:48:22,34.0372,-4.9998,22.14,21.69,22.14,22.14,49,1015,4.12,330,75,nuageux,10000,2,Correct,2.26,3.86,0.49,87.33,90.45,0.39
